timestamp,robot_id,location,avg_torque,avg_vibration,avg_power,avg_temperature,avg_joint_movement,avg_anomaly_score,avg_oee,count_critical,count_warning,count_normal,total_downtime_hrs,total_cost_failure,total_savings,total_carbon_saving,avg_defect_rate,total_energy_waste
2024-01-01,IRB_1200_01,Quality_Check,54.84,1.93,421.6,47.29,86.54,8.34,0.65,0,0,96,0.0,0.0,0.0,0.0,0.5,142.4
2024-01-01,IRB_1200_02,Assembly_Line_B,67.76,0.77,365.67,46.47,105.11,15.24,0.84,0,0,96,0.0,0.0,0.0,0.0,0.53,139.9
2024-01-01,IRB_1200_03,Welding_Station,71.52,1.35,380.82,38.57,89.51,8.98,0.69,0,0,96,0.0,0.0,0.0,0.0,0.52,136.1
2024-01-01,IRB_1200_04,Assembly_Line_A,55.52,1.33,250.55,40.9,108.17,14.38,0.83,0,0,96,0.0,0.0,0.0,0.0,0.55,137.3
2024-01-01,IRB_1200_05,Painting_Station,43.31,0.8,309.83,52.84,85.34,20.97,0.68,0,0,96,0.0,0.0,0.0,0.0,0.55,144.9
2024-01-01,IRB_6700_01,Quality_Check,61.8,1.41,434.86,45.28,107.74,5.85,0.83,0,0,96,0.0,0.0,0.0,0.0,0.58,129.6
2024-01-01,IRB_6700_02,Packaging_Line,69.9,1.66,312.39,38.24,114.6,9.13,0.87,0,0,96,0.0,0.0,0.0,0.0,0.52,160.2
2024-01-01,IRB_6700_03,Assembly_Line_A,66.84,1.87,435.27,38.82,111.41,5.58,0.84,0,0,96,0.0,0.0,0.0,0.0,0.55,144.6
2024-01-02,IRB_1200_01,Quality_Check,55.37,1.92,419.49,46.83,86.42,7.78,0.64,0,0,96,0.0,0.0,0.0,0.0,0.57,142.1
2024-01-02,IRB_1200_02,Assembly_Line_B,68.24,0.78,365.13,46.44,105.47,15.13,0.84,0,0,96,0.0,0.0,0.0,0.0,0.51,134.8
2024-01-02,IRB_1200_03,Welding_Station,71.38,1.34,382.43,38.6,89.57,8.6,0.69,0,0,96,0.0,0.0,0.0,0.0,0.56,138.5
2024-01-02,IRB_1200_04,Assembly_Line_A,55.89,1.34,249.05,40.95,108.42,13.77,0.83,0,0,96,0.0,0.0,0.0,0.0,0.57,150.1
2024-01-02,IRB_1200_05,Painting_Station,43.02,0.81,309.79,52.77,85.48,20.36,0.68,0,0,96,0.0,0.0,0.0,0.0,0.53,145.9
2024-01-02,IRB_6700_01,Quality_Check,61.72,1.42,434.86,45.26,108.46,5.4,0.83,0,0,96,0.0,0.0,0.0,0.0,0.55,158.3
2024-01-02,IRB_6700_02,Packaging_Line,69.74,1.64,311.62,38.29,114.5,9.76,0.87,0,0,96,0.0,0.0,0.0,0.0,0.53,144.5
2024-01-02,IRB_6700_03,Assembly_Line_A,67.08,1.9,433.92,38.58,111.9,5.9,0.84,0,0,96,0.0,0.0,0.0,0.0,0.54,148.4
2024-01-03,IRB_1200_01,Quality_Check,54.66,1.92,419.58,46.93,86.29,9.08,0.65,0,0,96,0.0,0.0,0.0,0.0,0.53,145.1
2024-01-03,IRB_1200_02,Assembly_Line_B,68.02,0.76,362.93,46.47,104.61,15.25,0.83,0,0,96,0.0,0.0,0.0,0.0,0.5,137.0
2024-01-03,IRB_1200_03,Welding_Station,71.59,1.35,380.32,38.53,89.63,8.68,0.69,0,0,96,0.0,0.0,0.0,0.0,0.57,151.8
2024-01-03,IRB_1200_04,Assembly_Line_A,55.58,1.36,249.29,40.88,107.98,13.84,0.83,0,0,96,0.0,0.0,0.0,0.0,0.62,132.2
2024-01-03,IRB_1200_05,Painting_Station,43.64,0.81,311.39,52.69,85.79,20.07,0.68,0,0,96,0.0,0.0,0.0,0.0,0.55,153.1
2024-01-03,IRB_6700_01,Quality_Check,61.43,1.41,433.92,45.29,108.25,5.52,0.83,0,0,96,0.0,0.0,0.0,0.0,0.54,139.1
2024-01-03,IRB_6700_02,Packaging_Line,69.85,1.65,313.23,38.37,114.53,10.33,0.87,0,0,96,0.0,0.0,0.0,0.0,0.6,136.8
2024-01-03,IRB_6700_03,Assembly_Line_A,66.95,1.89,435.31,38.79,111.29,5.34,0.83,0,0,96,0.0,0.0,0.0,0.0,0.56,156.6
2024-01-04,IRB_1200_01,Quality_Check,54.99,1.92,419.38,46.96,86.01,8.3,0.64,0,0,96,0.0,0.0,0.0,0.0,0.53,145.7
2024-01-04,IRB_1200_02,Assembly_Line_B,67.6,0.78,367.08,46.54,105.36,15.28,0.84,0,0,96,0.0,0.0,0.0,0.0,0.53,137.9
2024-01-04,IRB_1200_03,Welding_Station,71.41,1.34,379.98,38.35,89.58,8.96,0.69,0,0,96,0.0,0.0,0.0,0.0,0.52,142.0
2024-01-04,IRB_1200_04,Assembly_Line_A,55.49,1.35,248.94,40.97,108.36,14.1,0.84,0,0,96,0.0,0.0,0.0,0.0,0.55,149.5
2024-01-04,IRB_1200_05,Painting_Station,43.26,0.81,309.9,52.6,85.79,20.26,0.68,0,0,96,0.0,0.0,0.0,0.0,0.56,159.4
2024-01-04,IRB_6700_01,Quality_Check,61.59,1.41,433.2,45.29,108.16,5.13,0.83,0,0,96,0.0,0.0,0.0,0.0,0.51,150.4
2024-01-04,IRB_6700_02,Packaging_Line,70.02,1.64,313.33,38.22,114.88,10.51,0.87,0,0,96,0.0,0.0,0.0,0.0,0.56,148.7
2024-01-04,IRB_6700_03,Assembly_Line_A,66.94,1.87,435.27,38.8,111.78,5.79,0.84,0,0,96,0.0,0.0,0.0,0.0,0.55,146.8
2024-01-05,IRB_1200_01,Quality_Check,54.84,1.92,420.7,46.95,86.27,7.94,0.65,0,0,96,0.0,0.0,0.0,0.0,0.52,151.0
2024-01-05,IRB_1200_02,Assembly_Line_B,67.99,0.76,368.12,46.57,105.33,15.71,0.84,0,0,96,0.0,0.0,0.0,0.0,0.55,162.1
2024-01-05,IRB_1200_03,Welding_Station,71.51,1.35,380.61,38.42,89.1,9.05,0.69,0,0,96,0.0,0.0,0.0,0.0,0.5,148.3
2024-01-05,IRB_1200_04,Assembly_Line_A,55.51,1.34,250.3,40.98,108.46,13.54,0.84,0,0,96,0.0,0.0,0.0,0.0,0.56,168.2
2024-01-05,IRB_1200_05,Painting_Station,43.18,0.81,310.79,52.81,85.67,20.8,0.68,0,0,96,0.0,0.0,0.0,0.0,0.59,148.5
2024-01-05,IRB_6700_01,Quality_Check,61.47,1.39,433.71,45.22,108.15,5.44,0.83,0,0,96,0.0,0.0,0.0,0.0,0.56,146.7
2024-01-05,IRB_6700_02,Packaging_Line,70.05,1.64,312.72,38.37,115.06,10.03,0.87,0,0,96,0.0,0.0,0.0,0.0,0.54,120.8
2024-01-05,IRB_6700_03,Assembly_Line_A,67.17,1.87,432.99,38.52,111.51,5.29,0.84,0,0,96,0.0,0.0,0.0,0.0,0.53,127.0
2024-01-06,IRB_1200_01,Quality_Check,54.89,1.93,419.76,47.03,86.2,7.98,0.64,0,0,96,0.0,0.0,0.0,0.0,0.57,138.7
2024-01-06,IRB_1200_02,Assembly_Line_B,67.86,0.77,364.5,46.49,105.23,15.05,0.84,0,0,96,0.0,0.0,0.0,0.0,0.52,134.2
2024-01-06,IRB_1200_03,Welding_Station,71.36,1.33,380.4,38.35,88.86,9.25,0.69,0,0,96,0.0,0.0,0.0,0.0,0.55,135.0
2024-01-06,IRB_1200_04,Assembly_Line_A,55.66,1.32,248.83,41.06,107.89,14.59,0.83,0,0,96,0.0,0.0,0.0,0.0,0.55,136.0
2024-01-06,IRB_1200_05,Painting_Station,43.12,0.8,309.17,52.94,85.98,20.52,0.68,0,0,96,0.0,0.0,0.0,0.0,0.52,138.7
2024-01-06,IRB_6700_01,Quality_Check,61.5,1.44,434.03,45.38,108.61,4.36,0.83,0,0,96,0.0,0.0,0.0,0.0,0.54,138.4
2024-01-06,IRB_6700_02,Packaging_Line,70.1,1.66,314.18,38.38,114.84,9.69,0.87,0,0,96,0.0,0.0,0.0,0.0,0.52,140.7
2024-01-06,IRB_6700_03,Assembly_Line_A,67.22,1.89,433.01,38.84,111.5,5.17,0.83,0,0,96,0.0,0.0,0.0,0.0,0.57,150.8
2024-01-07,IRB_1200_01,Quality_Check,54.78,1.93,419.28,47.01,86.58,7.84,0.65,0,0,96,0.0,0.0,0.0,0.0,0.53,145.7
2024-01-07,IRB_1200_02,Assembly_Line_B,68.22,0.77,366.12,46.31,105.28,15.31,0.84,0,0,96,0.0,0.0,0.0,0.0,0.54,132.9
2024-01-07,IRB_1200_03,Welding_Station,71.65,1.33,378.87,38.55,89.02,9.02,0.69,0,0,96,0.0,0.0,0.0,0.0,0.54,156.7
2024-01-07,IRB_1200_04,Assembly_Line_A,55.59,1.34,248.94,41.13,108.45,13.67,0.84,0,0,96,0.0,0.0,0.0,0.0,0.54,143.1
2024-01-07,IRB_1200_05,Painting_Station,43.26,0.81,308.46,52.77,85.72,20.62,0.68,0,0,96,0.0,0.0,0.0,0.0,0.51,148.9
2024-01-07,IRB_6700_01,Quality_Check,61.75,1.4,435.28,45.26,107.97,5.33,0.83,0,0,96,0.0,0.0,0.0,0.0,0.54,148.3
2024-01-07,IRB_6700_02,Packaging_Line,69.82,1.65,311.7,38.27,115.62,9.91,0.88,0,0,96,0.0,0.0,0.0,0.0,0.58,162.8
2024-01-07,IRB_6700_03,Assembly_Line_A,67.25,1.88,433.28,38.81,111.73,5.27,0.84,0,0,96,0.0,0.0,0.0,0.0,0.53,138.0
2024-01-08,IRB_1200_01,Quality_Check,55.13,1.93,419.54,47.03,85.92,8.16,0.64,0,0,96,0.0,0.0,0.0,0.0,0.53,137.2
2024-01-08,IRB_1200_02,Assembly_Line_B,68.08,0.78,365.57,46.34,104.77,14.67,0.83,0,0,96,0.0,0.0,0.0,0.0,0.55,151.2
2024-01-08,IRB_1200_03,Welding_Station,71.43,1.36,378.86,38.38,89.91,8.74,0.69,0,0,96,0.0,0.0,0.0,0.0,0.55,158.3
2024-01-08,IRB_1200_04,Assembly_Line_A,55.32,1.34,249.2,41.03,108.1,14.16,0.84,0,0,96,0.0,0.0,0.0,0.0,0.57,134.0
2024-01-08,IRB_1200_05,Painting_Station,43.01,0.79,310.03,52.92,86.14,20.42,0.68,0,0,96,0.0,0.0,0.0,0.0,0.53,138.2
2024-01-08,IRB_6700_01,Quality_Check,61.53,1.44,435.21,45.35,107.9,4.84,0.83,0,0,96,0.0,0.0,0.0,0.0,0.52,142.7
2024-01-08,IRB_6700_02,Packaging_Line,69.73,1.65,311.76,38.33,114.82,10.51,0.87,0,0,96,0.0,0.0,0.0,0.0,0.59,144.6
2024-01-08,IRB_6700_03,Assembly_Line_A,67.14,1.89,434.33,38.83,111.99,5.29,0.84,0,0,96,0.0,0.0,0.0,0.0,0.59,133.8
2024-01-09,IRB_1200_01,Quality_Check,54.98,1.91,418.54,46.92,86.1,8.1,0.64,0,0,96,0.0,0.0,0.0,0.0,0.56,158.1
2024-01-09,IRB_1200_02,Assembly_Line_B,68.04,0.77,365.63,46.35,105.21,15.29,0.84,0,0,96,0.0,0.0,0.0,0.0,0.54,142.2
2024-01-09,IRB_1200_03,Welding_Station,71.61,1.36,381.76,38.51,88.68,9.12,0.68,0,0,96,0.0,0.0,0.0,0.0,0.55,148.6
2024-01-09,IRB_1200_04,Assembly_Line_A,55.37,1.33,250.86,41.09,108.63,14.33,0.84,0,0,96,0.0,0.0,0.0,0.0,0.53,149.9
2024-01-09,IRB_1200_05,Painting_Station,43.18,0.79,309.26,52.9,85.79,20.69,0.68,0,0,96,0.0,0.0,0.0,0.0,0.61,148.8
2024-01-09,IRB_6700_01,Quality_Check,61.52,1.43,434.15,45.08,108.35,4.74,0.83,0,0,96,0.0,0.0,0.0,0.0,0.5,145.5
2024-01-09,IRB_6700_02,Packaging_Line,69.43,1.63,311.76,38.33,114.86,9.32,0.87,0,0,96,0.0,0.0,0.0,0.0,0.55,139.2
2024-01-09,IRB_6700_03,Assembly_Line_A,67.21,1.89,434.75,38.79,111.59,5.22,0.84,0,0,96,0.0,0.0,0.0,0.0,0.53,150.1
2024-01-10,IRB_1200_01,Quality_Check,54.8,1.93,420.01,46.83,86.47,8.6,0.65,0,0,96,0.0,0.0,0.0,0.0,0.53,135.6
2024-01-10,IRB_1200_02,Assembly_Line_B,67.91,0.76,367.27,46.41,105.6,15.72,0.84,0,0,96,0.0,0.0,0.0,0.0,0.57,138.4
2024-01-10,IRB_1200_03,Welding_Station,71.63,1.34,380.08,38.38,89.13,9.5,0.69,0,0,96,0.0,0.0,0.0,0.0,0.51,142.4
2024-01-10,IRB_1200_04,Assembly_Line_A,55.18,1.33,250.39,41.13,108.18,13.5,0.84,0,0,96,0.0,0.0,0.0,0.0,0.53,146.0
2024-01-10,IRB_1200_05,Painting_Station,43.21,0.8,310.3,52.74,85.92,20.78,0.68,0,0,96,0.0,0.0,0.0,0.0,0.54,152.6
2024-01-10,IRB_6700_01,Quality_Check,61.59,1.42,432.94,45.29,108.61,5.15,0.83,0,0,96,0.0,0.0,0.0,0.0,0.51,158.0
2024-01-10,IRB_6700_02,Packaging_Line,69.73,1.65,311.84,38.38,115.08,10.46,0.87,0,0,96,0.0,0.0,0.0,0.0,0.55,139.3
2024-01-10,IRB_6700_03,Assembly_Line_A,67.26,1.88,435.26,38.72,111.53,5.8,0.83,0,0,96,0.0,0.0,0.0,0.0,0.52,153.6
2024-01-11,IRB_1200_01,Quality_Check,54.72,1.91,419.03,46.93,86.35,8.86,0.65,0,0,96,0.0,0.0,0.0,0.0,0.55,124.9
2024-01-11,IRB_1200_02,Assembly_Line_B,68.07,0.76,366.81,46.44,105.21,15.34,0.84,0,0,96,0.0,0.0,0.0,0.0,0.54,148.5
2024-01-11,IRB_1200_03,Welding_Station,71.72,1.33,378.97,38.39,89.12,9.3,0.69,0,0,96,0.0,0.0,0.0,0.0,0.58,160.1
2024-01-11,IRB_1200_04,Assembly_Line_A,55.48,1.34,251.06,40.97,107.77,13.6,0.83,0,0,96,0.0,0.0,0.0,0.0,0.5,138.1
2024-01-11,IRB_1200_05,Painting_Station,43.06,0.79,311.27,52.76,85.36,20.76,0.68,0,0,96,0.0,0.0,0.0,0.0,0.54,134.1
2024-01-11,IRB_6700_01,Quality_Check,61.99,1.42,435.87,45.38,108.06,5.11,0.83,0,0,96,0.0,0.0,0.0,0.0,0.5,134.5
2024-01-11,IRB_6700_02,Packaging_Line,69.74,1.66,313.94,38.28,115.32,11.43,0.87,0,0,96,0.0,0.0,0.0,0.0,0.52,143.5
2024-01-11,IRB_6700_03,Assembly_Line_A,66.49,1.89,434.31,38.74,111.47,5.52,0.84,0,0,96,0.0,0.0,0.0,0.0,0.56,144.3
2024-01-12,IRB_1200_01,Quality_Check,54.96,1.92,419.52,47.07,86.22,7.94,0.64,0,0,96,0.0,0.0,0.0,0.0,0.58,137.9
2024-01-12,IRB_1200_02,Assembly_Line_B,67.62,0.75,365.51,46.38,105.28,15.69,0.84,0,0,96,0.0,0.0,0.0,0.0,0.55,131.4
2024-01-12,IRB_1200_03,Welding_Station,71.66,1.34,380.47,38.53,89.71,9.27,0.69,0,0,96,0.0,0.0,0.0,0.0,0.53,140.0
2024-01-12,IRB_1200_04,Assembly_Line_A,55.13,1.35,251.08,41.17,108.2,13.22,0.84,0,0,96,0.0,0.0,0.0,0.0,0.61,142.9
2024-01-12,IRB_1200_05,Painting_Station,43.25,0.79,309.81,52.96,85.74,20.74,0.68,0,0,96,0.0,0.0,0.0,0.0,0.55,141.0
2024-01-12,IRB_6700_01,Quality_Check,61.63,1.4,436.06,45.39,108.26,5.37,0.83,0,0,96,0.0,0.0,0.0,0.0,0.54,155.9
2024-01-12,IRB_6700_02,Packaging_Line,69.82,1.65,312.52,38.08,115.0,10.4,0.87,0,0,96,0.0,0.0,0.0,0.0,0.53,145.4
2024-01-12,IRB_6700_03,Assembly_Line_A,67.28,1.89,434.24,38.86,111.87,6.57,0.84,0,0,96,0.0,0.0,0.0,0.0,0.56,158.2
2024-01-13,IRB_1200_01,Quality_Check,54.76,1.93,420.65,46.79,86.72,8.15,0.65,0,0,96,0.0,0.0,0.0,0.0,0.58,156.9
2024-01-13,IRB_1200_02,Assembly_Line_B,68.26,0.78,366.01,46.54,104.87,14.57,0.83,0,0,96,0.0,0.0,0.0,0.0,0.56,143.1
2024-01-13,IRB_1200_03,Welding_Station,71.46,1.34,378.64,38.24,89.39,8.8,0.69,0,0,96,0.0,0.0,0.0,0.0,0.56,127.3
2024-01-13,IRB_1200_04,Assembly_Line_A,55.2,1.34,250.15,41.07,108.5,13.26,0.84,0,0,96,0.0,0.0,0.0,0.0,0.56,137.5
2024-01-13,IRB_1200_05,Painting_Station,43.1,0.8,310.38,53.0,85.77,20.76,0.68,0,0,96,0.0,0.0,0.0,0.0,0.53,138.9
2024-01-13,IRB_6700_01,Quality_Check,61.47,1.43,434.65,45.14,108.02,5.01,0.83,0,0,96,0.0,0.0,0.0,0.0,0.51,134.5
2024-01-13,IRB_6700_02,Packaging_Line,69.7,1.67,311.86,38.34,115.13,10.06,0.87,0,0,96,0.0,0.0,0.0,0.0,0.58,137.6
2024-01-13,IRB_6700_03,Assembly_Line_A,67.14,1.9,434.62,38.84,111.62,5.43,0.84,0,0,96,0.0,0.0,0.0,0.0,0.52,146.0
2024-01-14,IRB_1200_01,Quality_Check,55.01,1.93,420.5,47.08,86.28,8.72,0.64,0,0,96,0.0,0.0,0.0,0.0,0.55,145.5
2024-01-14,IRB_1200_02,Assembly_Line_B,67.96,0.77,366.21,46.59,105.18,15.04,0.84,0,0,96,0.0,0.0,0.0,0.0,0.54,135.2
2024-01-14,IRB_1200_03,Welding_Station,71.61,1.35,380.2,38.54,89.67,8.79,0.69,0,0,96,0.0,0.0,0.0,0.0,0.55,137.8
2024-01-14,IRB_1200_04,Assembly_Line_A,55.18,1.35,249.37,40.87,108.4,13.59,0.84,0,0,96,0.0,0.0,0.0,0.0,0.53,148.0
2024-01-14,IRB_1200_05,Painting_Station,43.09,0.8,309.55,52.8,85.45,21.36,0.68,0,0,96,0.0,0.0,0.0,0.0,0.57,145.8
2024-01-14,IRB_6700_01,Quality_Check,61.45,1.42,434.81,45.16,108.59,4.76,0.83,0,0,96,0.0,0.0,0.0,0.0,0.55,146.7
2024-01-14,IRB_6700_02,Packaging_Line,69.92,1.63,313.28,38.41,114.68,10.21,0.87,0,0,96,0.0,0.0,0.0,0.0,0.55,141.7
2024-01-14,IRB_6700_03,Assembly_Line_A,67.19,1.89,434.38,38.7,111.36,4.52,0.83,0,0,96,0.0,0.0,0.0,0.0,0.54,162.5
2024-01-15,IRB_1200_01,Quality_Check,54.9,1.92,419.38,46.89,86.45,7.85,0.65,0,0,96,0.0,0.0,0.0,0.0,0.59,148.4
2024-01-15,IRB_1200_02,Assembly_Line_B,67.86,0.76,366.5,46.36,105.2,15.59,0.84,0,0,96,0.0,0.0,0.0,0.0,0.52,154.7
2024-01-15,IRB_1200_03,Welding_Station,71.38,1.35,381.45,38.63,89.66,8.92,0.69,0,0,96,0.0,0.0,0.0,0.0,0.5,135.1
2024-01-15,IRB_1200_04,Assembly_Line_A,55.06,1.33,252.15,40.99,108.01,13.3,0.83,0,0,96,0.0,0.0,0.0,0.0,0.55,149.1
2024-01-15,IRB_1200_05,Painting_Station,42.59,0.81,311.98,52.93,85.39,20.96,0.68,0,0,96,0.0,0.0,0.0,0.0,0.57,123.4
2024-01-15,IRB_6700_01,Quality_Check,61.74,1.41,434.87,45.24,108.64,4.79,0.83,0,0,96,0.0,0.0,0.0,0.0,0.49,151.4
2024-01-15,IRB_6700_02,Packaging_Line,69.75,1.64,313.05,38.22,114.41,9.31,0.87,0,0,96,0.0,0.0,0.0,0.0,0.57,132.0
2024-01-15,IRB_6700_03,Assembly_Line_A,67.13,1.9,433.5,38.91,111.78,5.75,0.84,0,0,96,0.0,0.0,0.0,0.0,0.54,148.7
2024-01-16,IRB_1200_01,Quality_Check,54.91,1.91,419.42,47.26,86.02,8.15,0.64,0,0,96,0.0,0.0,0.0,0.0,0.52,134.8
2024-01-16,IRB_1200_02,Assembly_Line_B,68.04,0.77,365.79,46.56,105.09,14.57,0.84,0,0,96,0.0,0.0,0.0,0.0,0.55,138.9
2024-01-16,IRB_1200_03,Welding_Station,71.4,1.35,379.89,38.56,89.58,8.74,0.69,0,0,96,0.0,0.0,0.0,0.0,0.55,144.2
2024-01-16,IRB_1200_04,Assembly_Line_A,55.57,1.32,251.92,40.94,108.3,13.5,0.83,0,0,96,0.0,0.0,0.0,0.0,0.59,134.2
2024-01-16,IRB_1200_05,Painting_Station,43.08,0.8,310.34,53.0,85.99,21.23,0.68,0,0,96,0.0,0.0,0.0,0.0,0.54,154.9
2024-01-16,IRB_6700_01,Quality_Check,61.46,1.41,432.46,45.37,108.21,5.31,0.83,0,0,96,0.0,0.0,0.0,0.0,0.57,134.3
2024-01-16,IRB_6700_02,Packaging_Line,70.0,1.64,314.19,38.18,115.31,10.97,0.87,0,0,96,0.0,0.0,0.0,0.0,0.51,147.7
2024-01-16,IRB_6700_03,Assembly_Line_A,67.06,1.88,434.03,38.7,111.28,5.16,0.83,0,0,96,0.0,0.0,0.0,0.0,0.56,151.2
2024-01-17,IRB_1200_01,Quality_Check,54.94,1.92,420.09,47.07,85.86,8.49,0.64,0,0,96,0.0,0.0,0.0,0.0,0.56,134.5
2024-01-17,IRB_1200_02,Assembly_Line_B,67.84,0.76,367.19,46.34,105.64,16.09,0.84,0,0,96,0.0,0.0,0.0,0.0,0.49,139.5
2024-01-17,IRB_1200_03,Welding_Station,71.26,1.34,379.08,38.47,89.65,9.27,0.69,0,0,96,0.0,0.0,0.0,0.0,0.59,136.8
2024-01-17,IRB_1200_04,Assembly_Line_A,55.15,1.32,250.62,41.02,108.62,13.53,0.84,0,0,96,0.0,0.0,0.0,0.0,0.55,151.5
2024-01-17,IRB_1200_05,Painting_Station,43.0,0.81,311.28,52.75,85.75,20.32,0.68,0,0,96,0.0,0.0,0.0,0.0,0.46,146.7
2024-01-17,IRB_6700_01,Quality_Check,61.68,1.42,433.88,45.16,108.17,5.04,0.83,0,0,96,0.0,0.0,0.0,0.0,0.53,138.6
2024-01-17,IRB_6700_02,Packaging_Line,69.71,1.67,313.1,38.47,115.23,10.78,0.87,0,0,96,0.0,0.0,0.0,0.0,0.52,137.9
2024-01-17,IRB_6700_03,Assembly_Line_A,67.25,1.88,434.92,38.79,111.6,5.22,0.83,0,0,96,0.0,0.0,0.0,0.0,0.57,146.2
2024-01-18,IRB_1200_01,Quality_Check,54.76,1.92,420.72,46.84,86.24,8.13,0.65,0,0,96,0.0,0.0,0.0,0.0,0.58,147.3
2024-01-18,IRB_1200_02,Assembly_Line_B,68.15,0.78,367.0,46.42,105.26,15.35,0.83,0,0,96,0.0,0.0,0.0,0.0,0.54,137.7
2024-01-18,IRB_1200_03,Welding_Station,71.83,1.34,380.67,38.57,89.98,9.14,0.69,0,0,96,0.0,0.0,0.0,0.0,0.53,131.4
2024-01-18,IRB_1200_04,Assembly_Line_A,55.56,1.35,249.05,41.04,108.44,13.38,0.83,0,0,96,0.0,0.0,0.0,0.0,0.53,144.2
2024-01-18,IRB_1200_05,Painting_Station,43.48,0.81,311.64,52.94,85.23,22.05,0.67,0,0,96,0.0,0.0,0.0,0.0,0.58,152.4
2024-01-18,IRB_6700_01,Quality_Check,61.33,1.43,435.0,45.17,108.51,5.28,0.83,0,0,96,0.0,0.0,0.0,0.0,0.56,151.8
2024-01-18,IRB_6700_02,Packaging_Line,69.73,1.64,310.56,38.38,114.9,9.63,0.87,0,0,96,0.0,0.0,0.0,0.0,0.58,144.0
2024-01-18,IRB_6700_03,Assembly_Line_A,66.9,1.91,432.68,38.66,111.43,5.35,0.83,0,0,96,0.0,0.0,0.0,0.0,0.55,139.9
2024-01-19,IRB_1200_01,Quality_Check,55.18,1.92,420.02,47.01,86.45,8.48,0.64,0,0,96,0.0,0.0,0.0,0.0,0.55,127.2
2024-01-19,IRB_1200_02,Assembly_Line_B,68.02,0.76,366.87,46.45,105.22,15.35,0.84,0,0,96,0.0,0.0,0.0,0.0,0.55,143.3
2024-01-19,IRB_1200_03,Welding_Station,71.58,1.34,378.36,38.67,89.61,8.47,0.69,0,0,96,0.0,0.0,0.0,0.0,0.55,139.1
2024-01-19,IRB_1200_04,Assembly_Line_A,55.19,1.34,252.45,41.06,108.24,13.66,0.84,0,0,96,0.0,0.0,0.0,0.0,0.56,145.4
2024-01-19,IRB_1200_05,Painting_Station,43.32,0.81,309.37,52.91,85.61,20.8,0.68,0,0,96,0.0,0.0,0.0,0.0,0.59,142.6
2024-01-19,IRB_6700_01,Quality_Check,61.64,1.42,433.59,45.12,108.08,5.01,0.83,0,0,96,0.0,0.0,0.0,0.0,0.6,149.9
2024-01-19,IRB_6700_02,Packaging_Line,69.64,1.63,312.13,38.32,114.85,10.12,0.87,0,0,96,0.0,0.0,0.0,0.0,0.53,140.4
2024-01-19,IRB_6700_03,Assembly_Line_A,66.83,1.87,434.99,38.66,111.48,5.0,0.84,0,0,96,0.0,0.0,0.0,0.0,0.52,152.8
2024-01-20,IRB_1200_01,Quality_Check,54.8,1.92,418.28,47.14,86.03,7.63,0.64,0,0,96,0.0,0.0,0.0,0.0,0.56,133.2
2024-01-20,IRB_1200_02,Assembly_Line_B,68.27,0.76,365.67,46.36,105.35,15.21,0.84,0,0,96,0.0,0.0,0.0,0.0,0.56,132.0
2024-01-20,IRB_1200_03,Welding_Station,71.94,1.32,378.76,38.34,89.26,9.19,0.69,0,0,96,0.0,0.0,0.0,0.0,0.59,153.2
2024-01-20,IRB_1200_04,Assembly_Line_A,55.24,1.32,249.22,41.2,108.1,13.77,0.84,0,0,96,0.0,0.0,0.0,0.0,0.58,138.7
2024-01-20,IRB_1200_05,Painting_Station,43.12,0.81,311.09,53.02,85.79,21.62,0.68,0,0,96,0.0,0.0,0.0,0.0,0.53,149.9
2024-01-20,IRB_6700_01,Quality_Check,61.82,1.43,434.07,45.11,108.28,4.83,0.83,0,0,96,0.0,0.0,0.0,0.0,0.54,154.7
2024-01-20,IRB_6700_02,Packaging_Line,69.97,1.65,312.14,38.5,114.78,9.56,0.87,0,0,96,0.0,0.0,0.0,0.0,0.53,153.7
2024-01-20,IRB_6700_03,Assembly_Line_A,67.17,1.89,434.2,38.71,111.75,5.42,0.84,0,0,96,0.0,0.0,0.0,0.0,0.52,154.5
2024-01-21,IRB_1200_01,Quality_Check,55.22,1.94,420.04,47.07,86.71,8.44,0.65,0,0,96,0.0,0.0,0.0,0.0,0.58,133.9
2024-01-21,IRB_1200_02,Assembly_Line_B,67.93,0.76,366.75,46.29,104.92,15.04,0.84,0,0,96,0.0,0.0,0.0,0.0,0.56,132.4
2024-01-21,IRB_1200_03,Welding_Station,71.7,1.34,381.02,38.59,90.13,8.49,0.7,0,0,96,0.0,0.0,0.0,0.0,0.52,151.9
2024-01-21,IRB_1200_04,Assembly_Line_A,55.41,1.34,250.67,41.22,108.33,13.47,0.84,0,0,96,0.0,0.0,0.0,0.0,0.51,126.0
2024-01-21,IRB_1200_05,Painting_Station,43.08,0.8,312.01,52.95,85.32,20.84,0.68,0,0,96,0.0,0.0,0.0,0.0,0.57,153.4
2024-01-21,IRB_6700_01,Quality_Check,61.58,1.42,433.04,45.43,108.32,4.21,0.83,0,0,96,0.0,0.0,0.0,0.0,0.54,126.7
2024-01-21,IRB_6700_02,Packaging_Line,69.67,1.65,312.7,38.46,114.65,8.72,0.87,0,0,96,0.0,0.0,0.0,0.0,0.58,146.4
2024-01-21,IRB_6700_03,Assembly_Line_A,67.13,1.87,433.74,38.96,111.95,5.57,0.84,0,0,96,0.0,0.0,0.0,0.0,0.53,126.4
2024-01-22,IRB_1200_01,Quality_Check,54.74,1.92,421.24,47.02,86.41,9.02,0.65,0,0,96,0.0,0.0,0.0,0.0,0.59,143.6
2024-01-22,IRB_1200_02,Assembly_Line_B,68.27,0.78,367.62,46.34,105.03,15.46,0.83,0,0,96,0.0,0.0,0.0,0.0,0.56,155.1
2024-01-22,IRB_1200_03,Welding_Station,71.35,1.33,381.25,38.38,89.05,9.33,0.69,0,0,96,0.0,0.0,0.0,0.0,0.6,158.4
2024-01-22,IRB_1200_04,Assembly_Line_A,55.01,1.35,250.93,40.95,108.87,13.33,0.84,0,0,96,0.0,0.0,0.0,0.0,0.5,150.4
2024-01-22,IRB_1200_05,Painting_Station,42.81,0.8,310.84,52.8,85.79,20.86,0.68,0,0,96,0.0,0.0,0.0,0.0,0.53,132.6
2024-01-22,IRB_6700_01,Quality_Check,61.37,1.43,432.73,45.21,108.43,5.12,0.83,0,0,96,0.0,0.0,0.0,0.0,0.56,156.6
2024-01-22,IRB_6700_02,Packaging_Line,70.05,1.66,311.73,38.39,115.29,10.6,0.87,0,0,96,0.0,0.0,0.0,0.0,0.53,140.0
2024-01-22,IRB_6700_03,Assembly_Line_A,67.1,1.87,433.13,38.74,111.42,5.8,0.83,0,0,96,0.0,0.0,0.0,0.0,0.54,147.2
2024-01-23,IRB_1200_01,Quality_Check,55.0,1.93,419.42,47.03,85.85,8.14,0.64,0,0,96,0.0,0.0,0.0,0.0,0.57,138.3
2024-01-23,IRB_1200_02,Assembly_Line_B,68.14,0.77,364.64,46.49,105.22,14.84,0.84,0,0,96,0.0,0.0,0.0,0.0,0.52,148.6
2024-01-23,IRB_1200_03,Welding_Station,71.35,1.35,379.87,38.65,89.36,9.07,0.69,0,0,96,0.0,0.0,0.0,0.0,0.52,144.5
2024-01-23,IRB_1200_04,Assembly_Line_A,55.47,1.31,250.35,40.94,108.06,13.43,0.83,0,0,96,0.0,0.0,0.0,0.0,0.52,153.0
2024-01-23,IRB_1200_05,Painting_Station,43.19,0.79,308.18,52.96,85.63,21.35,0.68,0,0,96,0.0,0.0,0.0,0.0,0.54,159.6
2024-01-23,IRB_6700_01,Quality_Check,61.56,1.42,433.64,45.21,108.04,4.81,0.83,0,0,96,0.0,0.0,0.0,0.0,0.54,151.6
2024-01-23,IRB_6700_02,Packaging_Line,69.99,1.66,312.26,38.41,114.65,10.32,0.87,0,0,96,0.0,0.0,0.0,0.0,0.6,133.5
2024-01-23,IRB_6700_03,Assembly_Line_A,67.02,1.89,432.72,38.87,111.0,5.64,0.83,0,0,96,0.0,0.0,0.0,0.0,0.52,143.0
2024-01-24,IRB_1200_01,Quality_Check,55.05,1.93,419.25,46.99,86.41,7.51,0.65,0,0,96,0.0,0.0,0.0,0.0,0.58,140.5
2024-01-24,IRB_1200_02,Assembly_Line_B,67.44,0.76,365.7,46.4,105.2,15.57,0.84,0,0,96,0.0,0.0,0.0,0.0,0.55,159.6
2024-01-24,IRB_1200_03,Welding_Station,71.54,1.35,378.68,38.64,89.29,8.69,0.69,0,0,96,0.0,0.0,0.0,0.0,0.57,133.1
2024-01-24,IRB_1200_04,Assembly_Line_A,55.64,1.33,249.91,40.93,108.22,13.19,0.83,0,0,96,0.0,0.0,0.0,0.0,0.56,135.5
2024-01-24,IRB_1200_05,Painting_Station,42.96,0.8,311.78,52.73,85.78,20.74,0.68,0,0,96,0.0,0.0,0.0,0.0,0.56,157.1
2024-01-24,IRB_6700_01,Quality_Check,61.35,1.41,433.89,45.35,108.72,5.55,0.84,0,0,96,0.0,0.0,0.0,0.0,0.6,147.6
2024-01-24,IRB_6700_02,Packaging_Line,69.95,1.65,313.45,38.47,115.28,9.7,0.87,0,0,96,0.0,0.0,0.0,0.0,0.56,140.5
2024-01-24,IRB_6700_03,Assembly_Line_A,66.88,1.88,433.6,38.68,112.16,5.95,0.84,0,0,96,0.0,0.0,0.0,0.0,0.58,136.6
2024-01-25,IRB_1200_01,Quality_Check,54.92,1.92,419.25,46.98,86.57,8.86,0.65,0,0,96,0.0,0.0,0.0,0.0,0.53,150.1
2024-01-25,IRB_1200_02,Assembly_Line_B,68.11,0.78,364.1,46.38,105.22,15.43,0.84,0,0,96,0.0,0.0,0.0,0.0,0.55,147.4
2024-01-25,IRB_1200_03,Welding_Station,71.52,1.36,379.39,38.42,89.41,8.72,0.69,0,0,96,0.0,0.0,0.0,0.0,0.54,131.7
2024-01-25,IRB_1200_04,Assembly_Line_A,55.01,1.33,250.28,41.05,107.97,13.8,0.83,0,0,96,0.0,0.0,0.0,0.0,0.59,136.8
2024-01-25,IRB_1200_05,Painting_Station,43.35,0.79,310.06,52.84,85.09,20.87,0.68,0,0,96,0.0,0.0,0.0,0.0,0.52,119.6
2024-01-25,IRB_6700_01,Quality_Check,61.83,1.41,436.18,45.26,107.24,4.5,0.82,0,0,96,0.0,0.0,0.0,0.0,0.54,148.4
2024-01-25,IRB_6700_02,Packaging_Line,69.82,1.64,312.71,38.49,114.66,9.69,0.87,0,0,96,0.0,0.0,0.0,0.0,0.56,154.5
2024-01-25,IRB_6700_03,Assembly_Line_A,67.1,1.88,435.54,38.79,111.25,6.19,0.83,0,0,96,0.0,0.0,0.0,0.0,0.54,139.6
2024-01-26,IRB_1200_01,Quality_Check,55.0,1.93,418.86,47.11,86.22,9.36,0.64,0,0,96,0.0,0.0,0.0,0.0,0.55,139.2
2024-01-26,IRB_1200_02,Assembly_Line_B,68.12,0.79,367.08,46.42,105.55,14.54,0.84,0,0,96,0.0,0.0,0.0,0.0,0.52,123.2
2024-01-26,IRB_1200_03,Welding_Station,71.9,1.35,378.57,38.47,89.08,9.36,0.69,0,0,96,0.0,0.0,0.0,0.0,0.54,149.5
2024-01-26,IRB_1200_04,Assembly_Line_A,55.71,1.34,249.48,40.9,108.34,14.57,0.83,0,0,96,0.0,0.0,0.0,0.0,0.51,123.9
2024-01-26,IRB_1200_05,Painting_Station,43.26,0.78,309.47,52.97,86.35,21.24,0.69,0,0,96,0.0,0.0,0.0,0.0,0.58,136.8
2024-01-26,IRB_6700_01,Quality_Check,61.71,1.41,434.7,45.25,108.29,5.95,0.83,0,0,96,0.0,0.0,0.0,0.0,0.56,134.8
2024-01-26,IRB_6700_02,Packaging_Line,69.42,1.62,313.5,38.32,114.39,8.75,0.87,0,0,96,0.0,0.0,0.0,0.0,0.56,145.4
2024-01-26,IRB_6700_03,Assembly_Line_A,67.23,1.89,434.29,38.67,112.3,5.59,0.84,0,0,96,0.0,0.0,0.0,0.0,0.59,145.2
2024-01-27,IRB_1200_01,Quality_Check,55.18,1.94,419.13,46.87,86.73,7.11,0.65,0,0,96,0.0,0.0,0.0,0.0,0.51,140.3
2024-01-27,IRB_1200_02,Assembly_Line_B,68.0,0.78,365.04,46.36,105.54,15.27,0.84,0,0,96,0.0,0.0,0.0,0.0,0.54,161.6
2024-01-27,IRB_1200_03,Welding_Station,71.57,1.35,380.87,38.4,89.12,9.48,0.69,0,0,96,0.0,0.0,0.0,0.0,0.5,158.0
2024-01-27,IRB_1200_04,Assembly_Line_A,55.18,1.35,248.97,41.13,108.04,13.47,0.83,0,0,96,0.0,0.0,0.0,0.0,0.54,139.5
2024-01-27,IRB_1200_05,Painting_Station,43.2,0.8,310.58,52.63,86.34,20.01,0.68,0,0,96,0.0,0.0,0.0,0.0,0.56,118.6
2024-01-27,IRB_6700_01,Quality_Check,61.56,1.43,436.64,45.16,108.28,5.2,0.83,0,0,96,0.0,0.0,0.0,0.0,0.53,152.5
2024-01-27,IRB_6700_02,Packaging_Line,69.98,1.66,314.4,38.41,115.24,10.04,0.87,0,0,96,0.0,0.0,0.0,0.0,0.54,138.9
2024-01-27,IRB_6700_03,Assembly_Line_A,67.11,1.88,434.72,38.8,111.1,5.37,0.83,0,0,96,0.0,0.0,0.0,0.0,0.59,140.9
2024-01-28,IRB_1200_01,Quality_Check,55.23,1.93,419.16,47.04,86.54,8.07,0.64,0,0,96,0.0,0.0,0.0,0.0,0.57,169.6
2024-01-28,IRB_1200_02,Assembly_Line_B,67.96,0.77,364.77,46.64,104.82,14.56,0.83,0,0,96,0.0,0.0,0.0,0.0,0.55,135.8
2024-01-28,IRB_1200_03,Welding_Station,71.58,1.35,380.94,38.59,89.36,9.51,0.69,0,0,96,0.0,0.0,0.0,0.0,0.56,159.0
2024-01-28,IRB_1200_04,Assembly_Line_A,55.23,1.34,248.31,40.86,108.23,14.2,0.84,0,0,96,0.0,0.0,0.0,0.0,0.57,156.3
2024-01-28,IRB_1200_05,Painting_Station,43.32,0.79,309.84,52.7,85.55,20.73,0.68,0,0,96,0.0,0.0,0.0,0.0,0.52,158.3
2024-01-28,IRB_6700_01,Quality_Check,61.77,1.41,435.64,45.48,107.93,4.65,0.83,0,0,96,0.0,0.0,0.0,0.0,0.54,152.7
2024-01-28,IRB_6700_02,Packaging_Line,69.75,1.66,312.26,38.5,115.05,9.97,0.87,0,0,96,0.0,0.0,0.0,0.0,0.52,132.5
2024-01-28,IRB_6700_03,Assembly_Line_A,67.16,1.89,434.23,38.73,111.6,5.47,0.83,0,0,96,0.0,0.0,0.0,0.0,0.58,147.6
2024-01-29,IRB_1200_01,Quality_Check,55.39,1.94,419.04,47.01,86.11,7.68,0.64,0,0,96,0.0,0.0,0.0,0.0,0.51,145.6
2024-01-29,IRB_1200_02,Assembly_Line_B,68.02,0.78,364.91,46.3,104.76,14.84,0.83,0,0,96,0.0,0.0,0.0,0.0,0.57,154.5
2024-01-29,IRB_1200_03,Welding_Station,71.73,1.36,380.25,38.44,88.8,9.06,0.68,0,0,96,0.0,0.0,0.0,0.0,0.51,147.8
2024-01-29,IRB_1200_04,Assembly_Line_A,55.25,1.33,250.21,40.91,107.86,14.08,0.83,0,0,96,0.0,0.0,0.0,0.0,0.52,150.1
2024-01-29,IRB_1200_05,Painting_Station,42.95,0.81,309.54,52.97,85.39,21.18,0.68,0,0,96,0.0,0.0,0.0,0.0,0.5,157.1
2024-01-29,IRB_6700_01,Quality_Check,61.56,1.42,435.64,45.26,108.54,5.34,0.83,0,0,96,0.0,0.0,0.0,0.0,0.54,155.5
2024-01-29,IRB_6700_02,Packaging_Line,69.56,1.64,313.35,38.42,115.02,9.65,0.87,0,0,96,0.0,0.0,0.0,0.0,0.51,148.8
2024-01-29,IRB_6700_03,Assembly_Line_A,67.43,1.86,435.93,38.78,111.59,5.32,0.84,0,0,96,0.0,0.0,0.0,0.0,0.57,158.2
2024-01-30,IRB_1200_01,Quality_Check,55.39,1.93,419.56,46.79,85.69,9.23,0.64,0,0,96,0.0,0.0,0.0,0.0,0.56,146.4
2024-01-30,IRB_1200_02,Assembly_Line_B,68.28,0.78,366.33,46.46,104.79,14.7,0.83,0,0,96,0.0,0.0,0.0,0.0,0.57,139.3
2024-01-30,IRB_1200_03,Welding_Station,71.78,1.32,377.51,38.46,89.9,9.37,0.69,0,0,96,0.0,0.0,0.0,0.0,0.55,151.4
2024-01-30,IRB_1200_04,Assembly_Line_A,55.36,1.34,251.01,40.89,107.68,12.9,0.83,0,0,96,0.0,0.0,0.0,0.0,0.54,154.8
2024-01-30,IRB_1200_05,Painting_Station,42.85,0.81,311.5,52.96,85.41,21.06,0.68,0,0,96,0.0,0.0,0.0,0.0,0.56,140.7
2024-01-30,IRB_6700_01,Quality_Check,61.32,1.4,436.62,45.11,108.7,5.79,0.84,0,0,96,0.0,0.0,0.0,0.0,0.52,139.4
2024-01-30,IRB_6700_02,Packaging_Line,69.33,1.64,312.46,38.34,114.93,9.58,0.87,0,0,96,0.0,0.0,0.0,0.0,0.58,147.4
2024-01-30,IRB_6700_03,Assembly_Line_A,66.85,1.88,434.38,38.77,111.4,4.76,0.84,0,0,96,0.0,0.0,0.0,0.0,0.52,142.9
2024-01-31,IRB_1200_01,Quality_Check,55.0,1.94,418.93,47.14,86.24,8.45,0.64,0,0,96,0.0,0.0,0.0,0.0,0.55,143.4
2024-01-31,IRB_1200_02,Assembly_Line_B,68.21,0.78,366.56,46.3,105.21,14.92,0.84,0,0,96,0.0,0.0,0.0,0.0,0.54,142.8
2024-01-31,IRB_1200_03,Welding_Station,71.63,1.37,379.85,38.26,89.31,10.03,0.69,0,0,96,0.0,0.0,0.0,0.0,0.52,135.2
2024-01-31,IRB_1200_04,Assembly_Line_A,55.36,1.36,250.98,41.11,108.1,13.72,0.83,0,0,96,0.0,0.0,0.0,0.0,0.57,150.4
2024-01-31,IRB_1200_05,Painting_Station,43.06,0.81,309.79,52.68,85.55,19.79,0.68,0,0,96,0.0,0.0,0.0,0.0,0.52,130.2
2024-01-31,IRB_6700_01,Quality_Check,61.14,1.43,432.66,45.12,108.17,5.35,0.83,0,0,96,0.0,0.0,0.0,0.0,0.55,141.8
2024-01-31,IRB_6700_02,Packaging_Line,69.75,1.65,313.08,38.49,115.05,10.43,0.87,0,0,96,0.0,0.0,0.0,0.0,0.55,139.7
2024-01-31,IRB_6700_03,Assembly_Line_A,67.59,1.9,433.99,38.89,110.77,5.21,0.83,0,0,96,0.0,0.0,0.0,0.0,0.54,132.4
2024-02-01,IRB_1200_01,Quality_Check,55.26,1.93,419.59,46.82,86.34,8.38,0.64,0,0,96,0.0,0.0,0.0,0.0,0.58,146.1
2024-02-01,IRB_1200_02,Assembly_Line_B,67.9,0.8,365.11,46.39,104.83,14.02,0.83,0,0,96,0.0,0.0,0.0,0.0,0.59,131.5
2024-02-01,IRB_1200_03,Welding_Station,71.96,1.35,381.39,38.43,89.54,9.2,0.69,0,0,96,0.0,0.0,0.0,0.0,0.53,146.5
2024-02-01,IRB_1200_04,Assembly_Line_A,55.39,1.35,251.0,41.06,108.03,14.08,0.83,0,0,96,0.0,0.0,0.0,0.0,0.54,132.3
2024-02-01,IRB_1200_05,Painting_Station,43.1,0.79,310.11,52.94,85.21,21.09,0.68,0,0,96,0.0,0.0,0.0,0.0,0.57,129.1
2024-02-01,IRB_6700_01,Quality_Check,61.45,1.43,434.69,45.31,108.86,4.63,0.84,0,0,96,0.0,0.0,0.0,0.0,0.59,144.1
2024-02-01,IRB_6700_02,Packaging_Line,69.98,1.64,313.22,38.28,114.77,9.73,0.87,0,0,96,0.0,0.0,0.0,0.0,0.62,132.6
2024-02-01,IRB_6700_03,Assembly_Line_A,67.23,1.87,433.18,38.89,111.69,5.17,0.84,0,0,96,0.0,0.0,0.0,0.0,0.52,147.1
2024-02-02,IRB_1200_01,Quality_Check,54.72,1.93,418.21,46.95,86.42,8.2,0.65,0,0,96,0.0,0.0,0.0,0.0,0.55,143.9
2024-02-02,IRB_1200_02,Assembly_Line_B,67.92,0.77,365.67,46.66,104.82,14.93,0.83,0,0,96,0.0,0.0,0.0,0.0,0.58,136.4
2024-02-02,IRB_1200_03,Welding_Station,71.75,1.34,379.45,38.59,89.19,9.03,0.69,0,0,96,0.0,0.0,0.0,0.0,0.54,130.6
2024-02-02,IRB_1200_04,Assembly_Line_A,55.44,1.34,248.96,40.96,108.31,14.12,0.84,0,0,96,0.0,0.0,0.0,0.0,0.57,147.4
2024-02-02,IRB_1200_05,Painting_Station,43.12,0.8,310.66,52.84,85.9,20.24,0.68,0,0,96,0.0,0.0,0.0,0.0,0.58,128.1
2024-02-02,IRB_6700_01,Quality_Check,62.0,1.4,434.9,45.25,108.13,4.89,0.83,0,0,96,0.0,0.0,0.0,0.0,0.55,146.0
2024-02-02,IRB_6700_02,Packaging_Line,70.02,1.64,311.73,38.44,114.9,10.68,0.87,0,0,96,0.0,0.0,0.0,0.0,0.54,143.5
2024-02-02,IRB_6700_03,Assembly_Line_A,66.92,1.87,433.82,38.79,111.7,5.25,0.84,0,0,96,0.0,0.0,0.0,0.0,0.56,149.6
2024-02-03,IRB_1200_01,Quality_Check,55.33,1.92,419.32,47.03,86.18,8.42,0.64,0,0,96,0.0,0.0,0.0,0.0,0.56,139.1
2024-02-03,IRB_1200_02,Assembly_Line_B,67.98,0.78,363.52,46.46,105.03,14.86,0.83,0,0,96,0.0,0.0,0.0,0.0,0.51,145.9
2024-02-03,IRB_1200_03,Welding_Station,71.6,1.33,382.43,38.51,90.02,9.28,0.69,0,0,96,0.0,0.0,0.0,0.0,0.56,158.9
2024-02-03,IRB_1200_04,Assembly_Line_A,55.13,1.35,249.99,40.88,108.18,13.61,0.83,0,0,96,0.0,0.0,0.0,0.0,0.57,118.9
2024-02-03,IRB_1200_05,Painting_Station,43.29,0.79,309.8,52.98,85.42,20.9,0.68,0,0,96,0.0,0.0,0.0,0.0,0.6,147.3
2024-02-03,IRB_6700_01,Quality_Check,61.4,1.42,433.66,45.3,108.29,5.34,0.83,0,0,96,0.0,0.0,0.0,0.0,0.53,151.8
2024-02-03,IRB_6700_02,Packaging_Line,69.89,1.64,313.66,38.5,114.76,10.48,0.87,0,0,96,0.0,0.0,0.0,0.0,0.53,140.6
2024-02-03,IRB_6700_03,Assembly_Line_A,67.36,1.89,436.62,38.6,111.74,5.34,0.83,0,0,96,0.0,0.0,0.0,0.0,0.58,142.5
2024-02-04,IRB_1200_01,Quality_Check,54.89,1.92,418.71,47.0,86.4,8.19,0.65,0,0,96,0.0,0.0,0.0,0.0,0.57,131.3
2024-02-04,IRB_1200_02,Assembly_Line_B,68.17,0.76,364.16,46.4,105.07,15.56,0.84,0,0,96,0.0,0.0,0.0,0.0,0.55,144.8
2024-02-04,IRB_1200_03,Welding_Station,71.64,1.35,378.48,38.47,89.28,8.8,0.69,0,0,96,0.0,0.0,0.0,0.0,0.53,148.0
2024-02-04,IRB_1200_04,Assembly_Line_A,55.4,1.34,249.58,40.9,108.08,13.46,0.83,0,0,96,0.0,0.0,0.0,0.0,0.57,142.3
2024-02-04,IRB_1200_05,Painting_Station,43.6,0.81,313.59,52.74,85.57,20.39,0.68,0,0,96,0.0,0.0,0.0,0.0,0.54,137.8
2024-02-04,IRB_6700_01,Quality_Check,61.48,1.42,432.9,45.23,108.47,4.81,0.83,0,0,96,0.0,0.0,0.0,0.0,0.51,151.5
2024-02-04,IRB_6700_02,Packaging_Line,69.57,1.64,311.65,38.35,115.15,10.65,0.87,0,0,96,0.0,0.0,0.0,0.0,0.56,133.0
2024-02-04,IRB_6700_03,Assembly_Line_A,67.0,1.89,432.86,38.69,111.56,6.71,0.84,0,0,96,0.0,0.0,0.0,0.0,0.58,166.6
2024-02-05,IRB_1200_01,Quality_Check,55.02,1.93,419.23,46.87,85.75,9.08,0.64,0,0,96,0.0,0.0,0.0,0.0,0.52,158.8
2024-02-05,IRB_1200_02,Assembly_Line_B,68.49,0.77,364.0,46.45,105.53,16.46,0.84,0,0,96,0.0,0.0,0.0,0.0,0.54,142.4
2024-02-05,IRB_1200_03,Welding_Station,71.58,1.33,377.82,38.48,89.81,9.42,0.69,0,0,96,0.0,0.0,0.0,0.0,0.59,148.5
2024-02-05,IRB_1200_04,Assembly_Line_A,55.91,1.36,251.33,40.93,107.8,13.56,0.83,0,0,96,0.0,0.0,0.0,0.0,0.53,145.7
2024-02-05,IRB_1200_05,Painting_Station,43.58,0.79,310.41,53.04,86.04,20.66,0.68,0,0,96,0.0,0.0,0.0,0.0,0.55,136.1
2024-02-05,IRB_6700_01,Quality_Check,61.72,1.42,433.06,45.21,108.07,5.07,0.83,0,0,96,0.0,0.0,0.0,0.0,0.51,145.8
2024-02-05,IRB_6700_02,Packaging_Line,69.71,1.66,312.61,38.43,114.87,9.98,0.87,0,0,96,0.0,0.0,0.0,0.0,0.5,154.9
2024-02-05,IRB_6700_03,Assembly_Line_A,67.29,1.89,433.51,38.77,111.42,4.88,0.83,0,0,96,0.0,0.0,0.0,0.0,0.56,153.3
2024-02-06,IRB_1200_01,Quality_Check,55.05,1.92,419.73,47.01,86.25,8.33,0.64,0,0,96,0.0,0.0,0.0,0.0,0.57,122.1
2024-02-06,IRB_1200_02,Assembly_Line_B,67.81,0.78,364.57,46.32,105.07,15.05,0.84,0,0,96,0.0,0.0,0.0,0.0,0.52,145.7
2024-02-06,IRB_1200_03,Welding_Station,71.24,1.35,379.53,38.35,89.55,8.55,0.69,0,0,96,0.0,0.0,0.0,0.0,0.57,150.1
2024-02-06,IRB_1200_04,Assembly_Line_A,55.43,1.33,249.07,40.93,108.03,13.58,0.83,0,0,96,0.0,0.0,0.0,0.0,0.52,131.9
2024-02-06,IRB_1200_05,Painting_Station,43.16,0.81,309.45,52.95,84.99,21.19,0.67,0,0,96,0.0,0.0,0.0,0.0,0.58,137.5
2024-02-06,IRB_6700_01,Quality_Check,61.5,1.42,434.18,45.27,108.29,4.89,0.83,0,0,96,0.0,0.0,0.0,0.0,0.5,146.6
2024-02-06,IRB_6700_02,Packaging_Line,69.78,1.65,312.19,38.37,115.08,9.72,0.87,0,0,96,0.0,0.0,0.0,0.0,0.49,149.0
2024-02-06,IRB_6700_03,Assembly_Line_A,66.82,1.9,434.51,38.74,111.7,6.03,0.84,0,0,96,0.0,0.0,0.0,0.0,0.56,153.6
2024-02-07,IRB_1200_01,Quality_Check,54.84,1.92,419.33,47.07,86.35,7.88,0.65,0,0,96,0.0,0.0,0.0,0.0,0.51,159.1
2024-02-07,IRB_1200_02,Assembly_Line_B,68.06,0.78,366.08,46.23,104.97,15.05,0.83,0,0,96,0.0,0.0,0.0,0.0,0.5,152.6
2024-02-07,IRB_1200_03,Welding_Station,71.49,1.34,378.62,38.38,89.36,9.33,0.69,0,0,96,0.0,0.0,0.0,0.0,0.51,149.8
2024-02-07,IRB_1200_04,Assembly_Line_A,55.39,1.33,249.26,40.95,107.91,14.64,0.83,0,0,96,0.0,0.0,0.0,0.0,0.55,153.4
2024-02-07,IRB_1200_05,Painting_Station,43.4,0.82,309.16,52.97,85.77,20.36,0.68,0,0,96,0.0,0.0,0.0,0.0,0.55,131.4
2024-02-07,IRB_6700_01,Quality_Check,61.44,1.41,433.95,45.27,108.04,5.1,0.83,0,0,96,0.0,0.0,0.0,0.0,0.53,153.2
2024-02-07,IRB_6700_02,Packaging_Line,69.92,1.64,313.75,38.21,114.91,10.27,0.87,0,0,96,0.0,0.0,0.0,0.0,0.58,155.9
2024-02-07,IRB_6700_03,Assembly_Line_A,67.35,1.89,433.39,38.83,111.61,5.88,0.83,0,0,96,0.0,0.0,0.0,0.0,0.47,151.8
2024-02-08,IRB_1200_01,Quality_Check,54.91,1.93,420.62,47.13,85.75,8.16,0.64,0,0,96,0.0,0.0,0.0,0.0,0.5,140.6
2024-02-08,IRB_1200_02,Assembly_Line_B,67.86,0.78,366.49,46.44,105.17,14.46,0.84,0,0,96,0.0,0.0,0.0,0.0,0.49,144.0
2024-02-08,IRB_1200_03,Welding_Station,71.66,1.35,380.13,38.33,90.03,8.51,0.69,0,0,96,0.0,0.0,0.0,0.0,0.56,154.2
2024-02-08,IRB_1200_04,Assembly_Line_A,55.36,1.34,249.49,40.83,108.32,14.01,0.84,0,0,96,0.0,0.0,0.0,0.0,0.52,138.9
2024-02-08,IRB_1200_05,Painting_Station,43.22,0.79,308.31,52.9,85.87,20.92,0.68,0,0,96,0.0,0.0,0.0,0.0,0.55,153.0
2024-02-08,IRB_6700_01,Quality_Check,61.64,1.43,432.27,45.28,108.35,4.92,0.83,0,0,96,0.0,0.0,0.0,0.0,0.53,159.2
2024-02-08,IRB_6700_02,Packaging_Line,69.7,1.65,312.72,38.23,115.57,10.69,0.88,0,0,96,0.0,0.0,0.0,0.0,0.53,133.4
2024-02-08,IRB_6700_03,Assembly_Line_A,66.95,1.9,435.55,38.71,111.56,5.48,0.84,0,0,96,0.0,0.0,0.0,0.0,0.57,144.4
2024-02-09,IRB_1200_01,Quality_Check,55.02,1.9,419.94,47.0,86.02,7.54,0.64,0,0,96,0.0,0.0,0.0,0.0,0.55,156.3
2024-02-09,IRB_1200_02,Assembly_Line_B,68.01,0.76,365.29,46.46,104.43,15.22,0.83,0,0,96,0.0,0.0,0.0,0.0,0.58,139.7
2024-02-09,IRB_1200_03,Welding_Station,71.21,1.34,379.5,38.56,89.56,8.85,0.69,0,0,96,0.0,0.0,0.0,0.0,0.56,152.5
2024-02-09,IRB_1200_04,Assembly_Line_A,55.28,1.31,251.1,40.93,108.52,14.62,0.84,0,0,96,0.0,0.0,0.0,0.0,0.58,139.2
2024-02-09,IRB_1200_05,Painting_Station,43.49,0.81,310.67,52.95,85.68,20.01,0.68,0,0,96,0.0,0.0,0.0,0.0,0.53,146.4
2024-02-09,IRB_6700_01,Quality_Check,61.31,1.41,435.61,45.33,108.64,6.98,0.84,0,0,96,0.0,0.0,0.0,0.0,0.53,135.0
2024-02-09,IRB_6700_02,Packaging_Line,70.14,1.66,310.29,38.31,115.16,10.39,0.87,0,0,96,0.0,0.0,0.0,0.0,0.49,150.6
2024-02-09,IRB_6700_03,Assembly_Line_A,66.91,1.88,432.26,38.7,111.48,5.08,0.84,0,0,96,0.0,0.0,0.0,0.0,0.55,131.5
2024-02-10,IRB_1200_01,Quality_Check,55.01,1.95,419.44,47.14,86.1,8.69,0.64,0,0,96,0.0,0.0,0.0,0.0,0.52,155.0
2024-02-10,IRB_1200_02,Assembly_Line_B,68.13,0.77,366.49,46.31,105.13,15.56,0.84,0,0,96,0.0,0.0,0.0,0.0,0.54,148.8
2024-02-10,IRB_1200_03,Welding_Station,71.48,1.33,377.91,38.37,89.41,9.82,0.69,0,0,96,0.0,0.0,0.0,0.0,0.58,149.4
2024-02-10,IRB_1200_04,Assembly_Line_A,55.68,1.34,249.41,40.9,108.34,13.59,0.83,0,0,96,0.0,0.0,0.0,0.0,0.5,140.4
2024-02-10,IRB_1200_05,Painting_Station,43.27,0.78,311.44,53.07,85.45,22.1,0.68,0,0,96,0.0,0.0,0.0,0.0,0.55,152.1
2024-02-10,IRB_6700_01,Quality_Check,61.18,1.43,434.63,45.23,108.1,5.64,0.83,0,0,96,0.0,0.0,0.0,0.0,0.52,157.3
2024-02-10,IRB_6700_02,Packaging_Line,69.99,1.65,311.61,38.42,115.06,10.63,0.87,0,0,96,0.0,0.0,0.0,0.0,0.54,149.8
2024-02-10,IRB_6700_03,Assembly_Line_A,66.99,1.89,434.08,38.83,111.15,5.61,0.83,0,0,96,0.0,0.0,0.0,0.0,0.53,139.7
2024-02-11,IRB_1200_01,Quality_Check,54.98,1.93,420.22,47.06,85.9,8.36,0.64,0,0,96,0.0,0.0,0.0,0.0,0.57,145.1
2024-02-11,IRB_1200_02,Assembly_Line_B,68.43,0.78,365.07,46.23,105.28,15.5,0.83,0,0,96,0.0,0.0,0.0,0.0,0.53,137.3
2024-02-11,IRB_1200_03,Welding_Station,71.48,1.33,381.8,38.56,89.4,9.56,0.69,0,0,96,0.0,0.0,0.0,0.0,0.59,129.2
2024-02-11,IRB_1200_04,Assembly_Line_A,55.31,1.33,249.52,40.91,108.07,14.46,0.83,0,0,96,0.0,0.0,0.0,0.0,0.54,157.0
2024-02-11,IRB_1200_05,Painting_Station,43.36,0.81,311.25,52.84,85.81,19.71,0.68,0,0,96,0.0,0.0,0.0,0.0,0.56,131.2
2024-02-11,IRB_6700_01,Quality_Check,61.75,1.42,435.25,45.03,108.47,5.52,0.83,0,0,96,0.0,0.0,0.0,0.0,0.55,153.8
2024-02-11,IRB_6700_02,Packaging_Line,69.52,1.64,313.3,38.2,115.07,9.93,0.87,0,0,96,0.0,0.0,0.0,0.0,0.59,148.1
2024-02-11,IRB_6700_03,Assembly_Line_A,66.71,1.89,434.96,38.74,111.56,5.58,0.84,0,0,96,0.0,0.0,0.0,0.0,0.53,146.0
2024-02-12,IRB_1200_01,Quality_Check,55.02,1.92,420.91,47.02,85.78,7.95,0.64,0,0,96,0.0,0.0,0.0,0.0,0.51,145.9
2024-02-12,IRB_1200_02,Assembly_Line_B,67.91,0.78,366.37,46.23,105.32,14.75,0.84,0,0,96,0.0,0.0,0.0,0.0,0.57,138.7
2024-02-12,IRB_1200_03,Welding_Station,71.18,1.34,380.65,38.31,89.14,9.3,0.69,0,0,96,0.0,0.0,0.0,0.0,0.55,145.2
2024-02-12,IRB_1200_04,Assembly_Line_A,55.43,1.35,250.45,41.0,108.33,14.09,0.83,0,0,96,0.0,0.0,0.0,0.0,0.55,144.0
2024-02-12,IRB_1200_05,Painting_Station,43.47,0.8,313.04,52.74,85.26,20.69,0.68,0,0,96,0.0,0.0,0.0,0.0,0.57,156.0
2024-02-12,IRB_6700_01,Quality_Check,61.57,1.41,434.39,45.19,107.9,5.53,0.83,0,0,96,0.0,0.0,0.0,0.0,0.56,141.9
2024-02-12,IRB_6700_02,Packaging_Line,69.5,1.63,310.92,38.29,114.93,10.01,0.87,0,0,96,0.0,0.0,0.0,0.0,0.53,148.3
2024-02-12,IRB_6700_03,Assembly_Line_A,67.5,1.88,433.51,38.71,111.59,5.54,0.83,0,0,96,0.0,0.0,0.0,0.0,0.55,148.1
2024-02-13,IRB_1200_01,Quality_Check,55.21,1.93,419.82,47.01,86.28,7.52,0.64,0,0,96,0.0,0.0,0.0,0.0,0.52,144.6
2024-02-13,IRB_1200_02,Assembly_Line_B,68.07,0.78,365.11,46.49,104.87,14.62,0.83,0,0,96,0.0,0.0,0.0,0.0,0.56,145.2
2024-02-13,IRB_1200_03,Welding_Station,71.49,1.32,379.72,38.57,89.74,8.73,0.69,0,0,96,0.0,0.0,0.0,0.0,0.57,151.8
2024-02-13,IRB_1200_04,Assembly_Line_A,55.18,1.33,250.51,41.16,108.2,14.57,0.84,0,0,96,0.0,0.0,0.0,0.0,0.55,132.3
2024-02-13,IRB_1200_05,Painting_Station,43.13,0.79,309.74,52.78,85.75,21.64,0.68,0,0,96,0.0,0.0,0.0,0.0,0.54,148.4
2024-02-13,IRB_6700_01,Quality_Check,61.49,1.42,433.04,45.26,107.89,5.49,0.83,0,0,96,0.0,0.0,0.0,0.0,0.55,144.0
2024-02-13,IRB_6700_02,Packaging_Line,70.09,1.62,313.4,38.35,114.66,9.7,0.87,0,0,96,0.0,0.0,0.0,0.0,0.53,149.4
2024-02-13,IRB_6700_03,Assembly_Line_A,67.06,1.89,434.46,38.71,111.5,4.78,0.83,0,0,96,0.0,0.0,0.0,0.0,0.48,148.6
2024-02-14,IRB_1200_01,Quality_Check,55.18,1.92,420.32,46.91,86.56,7.89,0.65,0,0,96,0.0,0.0,0.0,0.0,0.51,142.5
2024-02-14,IRB_1200_02,Assembly_Line_B,68.13,0.77,362.52,46.5,105.02,16.19,0.83,0,0,96,0.0,0.0,0.0,0.0,0.59,138.4
2024-02-14,IRB_1200_03,Welding_Station,71.16,1.34,380.53,38.47,89.91,9.23,0.69,0,0,96,0.0,0.0,0.0,0.0,0.58,143.3
2024-02-14,IRB_1200_04,Assembly_Line_A,55.4,1.34,250.29,40.75,108.32,13.88,0.84,0,0,96,0.0,0.0,0.0,0.0,0.55,150.3
2024-02-14,IRB_1200_05,Painting_Station,43.57,0.81,309.63,52.92,85.68,21.58,0.68,0,0,96,0.0,0.0,0.0,0.0,0.52,142.8
2024-02-14,IRB_6700_01,Quality_Check,61.36,1.42,433.9,45.11,108.01,4.79,0.83,0,0,96,0.0,0.0,0.0,0.0,0.57,144.6
2024-02-14,IRB_6700_02,Packaging_Line,69.91,1.65,312.56,38.41,115.05,9.99,0.87,0,0,96,0.0,0.0,0.0,0.0,0.54,138.5
2024-02-14,IRB_6700_03,Assembly_Line_A,67.14,1.88,433.13,38.75,111.54,5.35,0.83,0,0,96,0.0,0.0,0.0,0.0,0.57,140.9
2024-02-15,IRB_1200_01,Quality_Check,55.0,1.91,420.03,46.84,86.08,8.37,0.64,0,0,96,0.0,0.0,0.0,0.0,0.57,138.6
2024-02-15,IRB_1200_02,Assembly_Line_B,67.99,0.79,364.23,46.52,105.07,14.18,0.83,0,0,96,0.0,0.0,0.0,0.0,0.55,147.0
2024-02-15,IRB_1200_03,Welding_Station,71.38,1.34,380.23,38.34,89.72,9.24,0.69,0,0,96,0.0,0.0,0.0,0.0,0.57,147.1
2024-02-15,IRB_1200_04,Assembly_Line_A,55.18,1.36,249.43,41.01,107.94,14.92,0.83,0,0,96,0.0,0.0,0.0,0.0,0.57,137.2
2024-02-15,IRB_1200_05,Painting_Station,43.37,0.8,310.58,52.92,85.71,20.82,0.68,0,0,96,0.0,0.0,0.0,0.0,0.56,135.6
2024-02-15,IRB_6700_01,Quality_Check,61.53,1.42,432.99,45.31,108.4,4.92,0.83,0,0,96,0.0,0.0,0.0,0.0,0.57,141.6
2024-02-15,IRB_6700_02,Packaging_Line,69.57,1.64,313.44,38.51,115.21,10.27,0.87,0,0,96,0.0,0.0,0.0,0.0,0.57,148.1
2024-02-15,IRB_6700_03,Assembly_Line_A,67.36,1.91,434.5,38.83,111.91,5.74,0.84,0,0,96,0.0,0.0,0.0,0.0,0.54,149.0
2024-02-16,IRB_1200_01,Quality_Check,55.03,1.94,421.14,47.14,86.2,7.95,0.64,0,0,96,0.0,0.0,0.0,0.0,0.62,146.7
2024-02-16,IRB_1200_02,Assembly_Line_B,67.79,0.76,365.25,46.33,105.46,16.19,0.84,0,0,96,0.0,0.0,0.0,0.0,0.56,143.6
2024-02-16,IRB_1200_03,Welding_Station,71.52,1.34,380.1,38.49,89.15,8.96,0.69,0,0,96,0.0,0.0,0.0,0.0,0.55,142.7
2024-02-16,IRB_1200_04,Assembly_Line_A,55.2,1.33,251.56,40.93,108.06,14.41,0.83,0,0,96,0.0,0.0,0.0,0.0,0.54,144.6
2024-02-16,IRB_1200_05,Painting_Station,43.07,0.8,310.46,52.69,85.36,20.69,0.68,0,0,96,0.0,0.0,0.0,0.0,0.54,141.3
2024-02-16,IRB_6700_01,Quality_Check,61.07,1.41,433.42,45.25,108.26,5.72,0.83,0,0,96,0.0,0.0,0.0,0.0,0.56,135.1
2024-02-16,IRB_6700_02,Packaging_Line,69.62,1.66,311.95,38.25,115.0,10.07,0.87,0,0,96,0.0,0.0,0.0,0.0,0.56,137.4
2024-02-16,IRB_6700_03,Assembly_Line_A,66.83,1.88,433.86,38.83,111.0,5.09,0.83,0,0,96,0.0,0.0,0.0,0.0,0.58,145.4
2024-02-17,IRB_1200_01,Quality_Check,54.98,1.92,417.96,46.86,86.46,8.59,0.65,0,0,96,0.0,0.0,0.0,0.0,0.53,150.6
2024-02-17,IRB_1200_02,Assembly_Line_B,67.99,0.76,365.43,46.48,105.25,15.89,0.84,0,0,96,0.0,0.0,0.0,0.0,0.55,134.8
2024-02-17,IRB_1200_03,Welding_Station,71.78,1.34,381.07,38.44,89.98,9.26,0.69,0,0,96,0.0,0.0,0.0,0.0,0.62,127.6
2024-02-17,IRB_1200_04,Assembly_Line_A,55.53,1.33,249.21,40.97,108.33,14.69,0.84,0,0,96,0.0,0.0,0.0,0.0,0.49,149.9
2024-02-17,IRB_1200_05,Painting_Station,43.38,0.8,310.87,52.94,86.22,20.55,0.68,0,0,96,0.0,0.0,0.0,0.0,0.59,151.7
2024-02-17,IRB_6700_01,Quality_Check,61.48,1.41,433.73,45.24,108.56,5.07,0.83,0,0,96,0.0,0.0,0.0,0.0,0.56,146.0
2024-02-17,IRB_6700_02,Packaging_Line,69.51,1.64,312.23,38.41,115.44,9.82,0.88,0,0,96,0.0,0.0,0.0,0.0,0.55,135.4
2024-02-17,IRB_6700_03,Assembly_Line_A,67.01,1.89,433.14,38.76,111.88,5.79,0.84,0,0,96,0.0,0.0,0.0,0.0,0.59,149.5
2024-02-18,IRB_1200_01,Quality_Check,55.2,1.95,420.24,46.86,85.31,9.83,0.64,0,0,96,0.0,0.0,0.0,0.0,0.56,136.7
2024-02-18,IRB_1200_02,Assembly_Line_B,68.18,0.76,366.4,46.34,105.17,15.82,0.84,0,0,96,0.0,0.0,0.0,0.0,0.61,141.2
2024-02-18,IRB_1200_03,Welding_Station,71.91,1.34,382.77,38.58,89.29,9.4,0.69,0,0,96,0.0,0.0,0.0,0.0,0.54,153.9
2024-02-18,IRB_1200_04,Assembly_Line_A,55.62,1.34,250.1,40.86,108.1,13.12,0.83,0,0,96,0.0,0.0,0.0,0.0,0.54,141.8
2024-02-18,IRB_1200_05,Painting_Station,43.3,0.78,311.21,52.71,85.49,21.45,0.68,0,0,96,0.0,0.0,0.0,0.0,0.59,137.6
2024-02-18,IRB_6700_01,Quality_Check,61.47,1.41,433.12,45.36,108.3,4.86,0.83,0,0,96,0.0,0.0,0.0,0.0,0.5,146.9
2024-02-18,IRB_6700_02,Packaging_Line,69.69,1.65,313.52,38.37,114.91,10.62,0.87,0,0,96,0.0,0.0,0.0,0.0,0.6,134.2
2024-02-18,IRB_6700_03,Assembly_Line_A,66.82,1.89,434.06,38.71,111.0,5.67,0.83,0,0,96,0.0,0.0,0.0,0.0,0.51,157.9
2024-02-19,IRB_1200_01,Quality_Check,54.84,1.92,420.58,46.8,86.96,8.19,0.65,0,0,96,0.0,0.0,0.0,0.0,0.54,141.4
2024-02-19,IRB_1200_02,Assembly_Line_B,67.93,0.77,367.21,46.41,104.9,14.5,0.83,0,0,96,0.0,0.0,0.0,0.0,0.58,146.8
2024-02-19,IRB_1200_03,Welding_Station,71.86,1.35,382.12,38.44,89.43,9.01,0.69,0,0,96,0.0,0.0,0.0,0.0,0.56,146.6
2024-02-19,IRB_1200_04,Assembly_Line_A,55.61,1.34,249.75,41.03,107.94,13.76,0.83,0,0,96,0.0,0.0,0.0,0.0,0.53,142.9
2024-02-19,IRB_1200_05,Painting_Station,42.94,0.8,309.4,52.97,85.5,20.76,0.68,0,0,96,0.0,0.0,0.0,0.0,0.57,154.4
2024-02-19,IRB_6700_01,Quality_Check,61.51,1.43,432.37,45.34,108.14,5.84,0.83,0,0,96,0.0,0.0,0.0,0.0,0.51,147.6
2024-02-19,IRB_6700_02,Packaging_Line,69.6,1.65,313.53,38.3,114.33,10.58,0.87,0,0,96,0.0,0.0,0.0,0.0,0.56,128.1
2024-02-19,IRB_6700_03,Assembly_Line_A,66.89,1.88,434.67,38.81,111.15,5.53,0.83,0,0,96,0.0,0.0,0.0,0.0,0.56,146.8
2024-02-20,IRB_1200_01,Quality_Check,54.71,1.93,419.44,46.94,86.39,8.9,0.65,0,0,96,0.0,0.0,0.0,0.0,0.5,154.4
2024-02-20,IRB_1200_02,Assembly_Line_B,67.81,0.77,365.14,46.53,105.71,15.41,0.84,0,0,96,0.0,0.0,0.0,0.0,0.53,148.2
2024-02-20,IRB_1200_03,Welding_Station,71.3,1.33,378.48,38.56,89.47,9.18,0.69,0,0,96,0.0,0.0,0.0,0.0,0.58,133.7
2024-02-20,IRB_1200_04,Assembly_Line_A,55.25,1.35,250.77,41.09,108.56,13.34,0.84,0,0,96,0.0,0.0,0.0,0.0,0.57,143.0
2024-02-20,IRB_1200_05,Painting_Station,43.45,0.79,310.09,52.92,85.61,22.26,0.68,0,0,96,0.0,0.0,0.0,0.0,0.53,136.1
2024-02-20,IRB_6700_01,Quality_Check,61.48,1.4,434.49,45.23,107.94,4.82,0.83,0,0,96,0.0,0.0,0.0,0.0,0.54,138.9
2024-02-20,IRB_6700_02,Packaging_Line,69.57,1.65,314.6,38.37,115.15,10.03,0.87,0,0,96,0.0,0.0,0.0,0.0,0.59,128.5
2024-02-20,IRB_6700_03,Assembly_Line_A,66.71,1.88,435.46,38.57,111.24,5.29,0.83,0,0,96,0.0,0.0,0.0,0.0,0.56,136.6
2024-02-21,IRB_1200_01,Quality_Check,55.1,1.93,419.67,46.87,86.46,7.84,0.65,0,0,96,0.0,0.0,0.0,0.0,0.58,134.3
2024-02-21,IRB_1200_02,Assembly_Line_B,68.37,0.82,368.74,46.97,104.77,13.82,0.83,0,0,96,0.0,0.0,0.0,0.0,0.49,142.2
2024-02-21,IRB_1200_03,Welding_Station,71.35,1.35,378.78,38.52,89.61,8.55,0.69,0,0,96,0.0,0.0,0.0,0.0,0.56,149.4
2024-02-21,IRB_1200_04,Assembly_Line_A,55.4,1.34,249.13,41.09,107.47,13.63,0.83,0,0,96,0.0,0.0,0.0,0.0,0.57,142.8
2024-02-21,IRB_1200_05,Painting_Station,43.03,0.81,309.41,52.92,85.83,21.12,0.68,0,0,96,0.0,0.0,0.0,0.0,0.54,153.1
2024-02-21,IRB_6700_01,Quality_Check,61.49,1.41,433.53,45.21,108.34,5.29,0.83,0,0,96,0.0,0.0,0.0,0.0,0.55,140.6
2024-02-21,IRB_6700_02,Packaging_Line,69.9,1.64,311.66,38.32,115.14,10.0,0.87,0,0,96,0.0,0.0,0.0,0.0,0.56,165.3
2024-02-21,IRB_6700_03,Assembly_Line_A,66.94,1.9,434.62,38.83,111.64,5.72,0.84,0,0,96,0.0,0.0,0.0,0.0,0.58,140.6
2024-02-22,IRB_1200_01,Quality_Check,55.16,1.92,420.73,47.15,86.48,7.58,0.65,0,0,96,0.0,0.0,0.0,0.0,0.57,149.0
2024-02-22,IRB_1200_02,Assembly_Line_B,69.84,0.96,376.06,47.51,104.35,16.93,0.81,0,4,92,0.0,0.0,0.0,0.0,0.52,143.4
2024-02-22,IRB_1200_03,Welding_Station,71.34,1.32,381.89,38.6,89.01,9.4,0.69,0,0,96,0.0,0.0,0.0,0.0,0.55,146.5
2024-02-22,IRB_1200_04,Assembly_Line_A,55.24,1.34,248.32,40.96,108.18,14.34,0.84,0,0,96,0.0,0.0,0.0,0.0,0.55,142.5
2024-02-22,IRB_1200_05,Painting_Station,43.17,0.82,310.92,52.8,85.89,20.18,0.68,0,0,96,0.0,0.0,0.0,0.0,0.56,135.5
2024-02-22,IRB_6700_01,Quality_Check,61.84,1.55,438.89,45.85,107.71,7.88,0.82,1,1,94,0.0,0.0,0.0,0.0,0.52,155.9
2024-02-22,IRB_6700_02,Packaging_Line,69.75,1.66,313.7,38.27,115.27,10.86,0.87,0,0,96,0.0,0.0,0.0,0.0,0.53,141.4
2024-02-22,IRB_6700_03,Assembly_Line_A,67.21,1.9,434.75,38.67,111.64,5.98,0.83,0,0,96,0.0,0.0,0.0,0.0,0.55,143.3
2024-02-23,IRB_1200_01,Quality_Check,55.01,1.92,420.7,46.88,85.87,8.18,0.64,0,0,96,0.0,0.0,0.0,0.0,0.55,137.8
2024-02-23,IRB_1200_02,Assembly_Line_B,69.27,0.99,376.64,47.52,104.42,13.61,0.81,0,2,94,0.0,0.0,0.0,0.0,0.54,149.2
2024-02-23,IRB_1200_03,Welding_Station,71.59,1.34,379.0,38.42,89.39,9.11,0.69,0,0,96,0.0,0.0,0.0,0.0,0.62,137.2
2024-02-23,IRB_1200_04,Assembly_Line_A,55.41,1.32,250.53,40.97,108.25,13.97,0.84,0,0,96,0.0,0.0,0.0,0.0,0.53,151.7
2024-02-23,IRB_1200_05,Painting_Station,43.66,0.87,313.1,53.23,85.3,19.4,0.67,0,0,96,0.0,0.0,0.0,0.0,0.54,124.9
2024-02-23,IRB_6700_01,Quality_Check,62.53,1.53,439.9,46.1,107.52,5.17,0.82,0,0,96,0.0,0.0,0.0,0.0,0.61,147.5
2024-02-23,IRB_6700_02,Packaging_Line,69.87,1.65,311.25,38.32,115.42,11.14,0.87,0,0,96,0.0,0.0,0.0,0.0,0.54,146.7
2024-02-23,IRB_6700_03,Assembly_Line_A,66.68,1.89,432.96,38.69,111.04,5.55,0.83,0,0,96,0.0,0.0,0.0,0.0,0.53,146.4
2024-02-24,IRB_1200_01,Quality_Check,54.59,1.92,417.96,46.99,86.24,8.12,0.65,0,0,96,0.0,0.0,0.0,0.0,0.53,152.0
2024-02-24,IRB_1200_02,Assembly_Line_B,70.09,1.22,381.77,47.93,104.53,16.95,0.8,0,6,90,0.0,0.0,0.0,0.0,0.59,147.4
2024-02-24,IRB_1200_03,Welding_Station,71.72,1.34,379.4,38.55,89.52,9.97,0.69,0,0,96,0.0,0.0,0.0,0.0,0.55,143.3
2024-02-24,IRB_1200_04,Assembly_Line_A,55.41,1.33,249.62,41.01,108.0,13.02,0.83,0,0,96,0.0,0.0,0.0,0.0,0.51,145.8
2024-02-24,IRB_1200_05,Painting_Station,44.06,0.92,314.75,53.62,84.7,20.89,0.66,0,0,96,0.0,0.0,0.0,0.0,0.55,130.9
2024-02-24,IRB_6700_01,Quality_Check,62.4,1.62,442.33,46.24,107.13,5.17,0.81,0,0,96,0.0,0.0,0.0,0.0,0.54,144.5
2024-02-24,IRB_6700_02,Packaging_Line,70.16,1.66,313.21,38.41,114.95,9.5,0.87,0,0,96,0.0,0.0,0.0,0.0,0.56,149.8
2024-02-24,IRB_6700_03,Assembly_Line_A,66.84,1.89,434.38,38.7,110.99,5.11,0.83,0,0,96,0.0,0.0,0.0,0.0,0.53,142.9
2024-02-25,IRB_1200_01,Quality_Check,55.05,1.91,420.76,46.94,86.2,8.08,0.64,0,0,96,0.0,0.0,0.0,0.0,0.52,150.8
2024-02-25,IRB_1200_02,Assembly_Line_B,69.74,1.07,378.42,48.09,103.42,10.04,0.8,0,0,96,0.0,0.0,0.0,0.0,0.56,144.5
2024-02-25,IRB_1200_03,Welding_Station,71.48,1.37,379.37,38.33,89.02,9.41,0.69,0,0,96,0.0,0.0,0.0,0.0,0.55,134.4
2024-02-25,IRB_1200_04,Assembly_Line_A,55.65,1.34,249.4,40.8,108.74,13.92,0.84,0,0,96,0.0,0.0,0.0,0.0,0.5,135.6
2024-02-25,IRB_1200_05,Painting_Station,44.08,1.08,320.78,53.97,84.71,23.14,0.66,1,6,89,0.0,0.0,0.0,0.0,0.56,140.5
2024-02-25,IRB_6700_01,Quality_Check,63.07,1.67,446.24,46.42,106.42,5.69,0.8,0,0,96,0.0,0.0,0.0,0.0,0.54,138.1
2024-02-25,IRB_6700_02,Packaging_Line,69.96,1.76,317.4,39.03,114.74,12.04,0.86,0,2,94,0.0,0.0,0.0,0.0,0.58,148.8
2024-02-25,IRB_6700_03,Assembly_Line_A,67.05,1.89,433.95,38.87,111.7,5.72,0.84,0,0,96,0.0,0.0,0.0,0.0,0.59,136.7
2024-02-26,IRB_1200_01,Quality_Check,55.3,1.94,417.57,47.02,86.45,7.41,0.64,0,0,96,0.0,0.0,0.0,0.0,0.6,143.8
2024-02-26,IRB_1200_02,Assembly_Line_B,71.1,1.29,384.14,48.46,103.14,14.34,0.78,0,4,92,0.0,0.0,0.0,0.0,0.58,144.6
2024-02-26,IRB_1200_03,Welding_Station,71.73,1.35,378.95,38.32,89.16,9.58,0.69,0,0,96,0.0,0.0,0.0,0.0,0.59,151.3
2024-02-26,IRB_1200_04,Assembly_Line_A,55.18,1.33,250.96,41.06,108.62,13.6,0.84,0,0,96,0.0,0.0,0.0,0.0,0.56,140.1
2024-02-26,IRB_1200_05,Painting_Station,46.21,1.24,326.04,54.61,84.75,26.34,0.64,1,10,85,0.0,0.0,0.0,0.0,0.56,137.0
2024-02-26,IRB_6700_01,Quality_Check,63.89,1.85,452.18,47.37,106.41,12.68,0.79,2,3,91,0.0,0.0,0.0,0.0,0.57,144.9
2024-02-26,IRB_6700_02,Packaging_Line,70.66,1.79,319.95,39.14,114.02,8.99,0.85,0,0,96,0.0,0.0,0.0,0.0,0.56,127.4
2024-02-26,IRB_6700_03,Assembly_Line_A,66.87,1.87,434.95,38.79,111.36,5.83,0.83,0,0,96,0.0,0.0,0.0,0.0,0.54,156.6
2024-02-27,IRB_1200_01,Quality_Check,54.91,1.93,417.22,47.05,86.56,7.68,0.65,0,0,96,0.0,0.0,0.0,0.0,0.58,132.6
2024-02-27,IRB_1200_02,Assembly_Line_B,70.75,1.27,384.67,48.85,103.01,12.52,0.78,0,2,94,0.0,0.0,0.0,0.0,0.57,127.2
2024-02-27,IRB_1200_03,Welding_Station,71.83,1.33,378.37,38.65,90.01,8.94,0.69,0,0,96,0.0,0.0,0.0,0.0,0.53,143.9
2024-02-27,IRB_1200_04,Assembly_Line_A,55.68,1.35,251.37,41.04,107.9,13.07,0.83,0,0,96,0.0,0.0,0.0,0.0,0.56,160.3
2024-02-27,IRB_1200_05,Painting_Station,45.08,1.13,322.83,54.83,83.71,22.19,0.64,0,1,95,0.0,0.0,0.0,0.0,0.59,146.6
2024-02-27,IRB_6700_01,Quality_Check,63.62,1.86,451.99,47.08,106.15,8.33,0.78,0,2,94,0.0,0.0,0.0,0.0,0.56,132.8
2024-02-27,IRB_6700_02,Packaging_Line,70.51,1.85,323.13,39.5,113.92,9.44,0.85,0,0,96,0.0,0.0,0.0,0.0,0.53,141.8
2024-02-27,IRB_6700_03,Assembly_Line_A,66.73,1.88,434.09,38.73,111.79,5.75,0.84,0,0,96,0.0,0.0,0.0,0.0,0.59,152.9
2024-02-28,IRB_1200_01,Quality_Check,55.3,2.01,422.0,47.4,85.99,8.29,0.64,0,0,96,0.0,0.0,0.0,0.0,0.5,140.5
2024-02-28,IRB_1200_02,Assembly_Line_B,71.15,1.24,385.87,48.93,102.76,10.28,0.78,0,0,96,0.0,0.0,0.0,0.0,0.59,142.9
2024-02-28,IRB_1200_03,Welding_Station,71.84,1.42,383.94,38.73,88.91,8.7,0.68,0,0,96,0.0,0.0,0.0,0.0,0.51,144.5
2024-02-28,IRB_1200_04,Assembly_Line_A,55.48,1.42,254.13,41.58,107.91,11.92,0.83,0,0,96,0.0,0.0,0.0,0.0,0.53,154.8
2024-02-28,IRB_1200_05,Painting_Station,46.04,1.32,328.6,55.26,84.21,26.72,0.64,2,12,82,0.0,0.0,0.0,0.0,0.55,148.0
2024-02-28,IRB_6700_01,Quality_Check,64.71,2.01,460.43,48.1,105.92,14.85,0.77,2,4,90,0.0,0.0,0.0,0.0,0.54,145.4
2024-02-28,IRB_6700_02,Packaging_Line,71.88,2.05,325.47,40.12,113.57,15.71,0.83,1,5,90,0.0,0.0,0.0,0.0,0.52,140.4
2024-02-28,IRB_6700_03,Assembly_Line_A,66.81,1.9,435.11,38.75,111.39,5.36,0.83,0,0,96,0.0,0.0,0.0,0.0,0.52,137.7
2024-02-29,IRB_1200_01,Quality_Check,55.75,2.07,426.75,47.73,85.86,9.57,0.63,0,0,96,0.0,0.0,0.0,0.0,0.55,139.7
2024-02-29,IRB_1200_02,Assembly_Line_B,71.43,1.37,392.72,49.4,101.64,12.66,0.76,1,1,94,0.0,0.0,0.0,0.0,0.56,144.4
2024-02-29,IRB_1200_03,Welding_Station,73.84,1.68,392.27,39.88,88.44,16.92,0.66,0,7,89,0.0,0.0,0.0,0.0,0.52,137.8
2024-02-29,IRB_1200_04,Assembly_Line_A,56.58,1.55,258.89,41.89,107.4,15.36,0.81,0,2,94,0.0,0.0,0.0,0.0,0.51,130.7
2024-02-29,IRB_1200_05,Painting_Station,46.1,1.42,335.39,55.59,83.26,28.86,0.63,1,13,82,0.0,0.0,0.0,0.0,0.54,145.5
2024-02-29,IRB_6700_01,Quality_Check,64.04,2.02,458.01,47.89,105.72,10.84,0.77,1,1,94,0.0,0.0,0.0,0.0,0.55,144.2
2024-02-29,IRB_6700_02,Packaging_Line,71.19,1.99,326.53,40.08,113.36,10.23,0.84,0,0,96,0.0,0.0,0.0,0.0,0.55,156.9
2024-02-29,IRB_6700_03,Assembly_Line_A,67.25,1.89,433.28,38.68,111.93,5.27,0.84,0,0,96,0.0,0.0,0.0,0.0,0.56,127.3
2024-03-01,IRB_1200_01,Quality_Check,56.35,2.21,430.34,48.52,84.96,12.64,0.62,0,2,94,0.0,0.0,0.0,0.0,0.51,168.1
2024-03-01,IRB_1200_02,Assembly_Line_B,72.58,1.57,394.87,50.14,102.09,18.0,0.75,3,3,90,0.0,0.0,0.0,0.0,0.56,143.4
2024-03-01,IRB_1200_03,Welding_Station,72.87,1.55,389.6,39.67,88.56,9.31,0.67,0,0,96,0.0,0.0,0.0,0.0,0.56,132.4
2024-03-01,IRB_1200_04,Assembly_Line_A,56.63,1.62,261.77,42.19,107.12,15.66,0.81,1,6,89,0.0,0.0,0.0,0.0,0.54,140.7
2024-03-01,IRB_1200_05,Painting_Station,46.03,1.35,335.51,55.99,83.0,28.61,0.63,0,8,88,0.0,0.0,0.0,0.0,0.53,130.3
2024-03-01,IRB_6700_01,Quality_Check,65.03,2.04,458.43,48.31,105.48,10.42,0.76,0,2,94,0.0,0.0,0.0,0.0,0.58,136.3
2024-03-01,IRB_6700_02,Packaging_Line,71.81,2.06,330.77,40.08,112.49,9.94,0.82,0,0,96,0.0,0.0,0.0,0.0,0.51,158.6
2024-03-01,IRB_6700_03,Assembly_Line_A,67.29,1.9,434.79,38.62,111.47,5.04,0.83,0,0,96,0.0,0.0,0.0,0.0,0.56,148.7
2024-03-02,IRB_1200_01,Quality_Check,56.97,2.36,436.83,48.89,84.29,16.15,0.61,2,2,92,0.0,0.0,0.0,0.0,0.59,141.5
2024-03-02,IRB_1200_02,Assembly_Line_B,71.59,1.46,394.99,49.79,101.38,8.96,0.75,0,0,96,0.0,0.0,0.0,0.0,0.57,152.1
2024-03-02,IRB_1200_03,Welding_Station,72.82,1.65,391.84,40.21,87.7,9.7,0.66,0,0,96,0.0,0.0,0.0,0.0,0.53,136.3
2024-03-02,IRB_1200_04,Assembly_Line_A,57.03,1.65,261.04,42.51,107.13,12.25,0.8,0,0,96,0.0,0.0,0.0,0.0,0.55,155.8
2024-03-02,IRB_1200_05,Painting_Station,46.58,1.45,335.29,56.02,82.98,25.57,0.62,1,4,91,0.0,0.0,0.0,0.0,0.56,144.2
2024-03-02,IRB_6700_01,Quality_Check,65.75,2.15,467.09,48.57,104.7,13.98,0.75,1,3,92,0.0,0.0,0.0,0.0,0.58,136.3
2024-03-02,IRB_6700_02,Packaging_Line,72.99,2.26,334.41,41.26,112.81,17.33,0.81,1,3,92,0.0,0.0,0.0,0.0,0.54,145.4
2024-03-02,IRB_6700_03,Assembly_Line_A,67.55,1.96,437.24,39.08,110.9,5.31,0.82,0,0,96,0.0,0.0,0.0,0.0,0.56,152.6
2024-03-03,IRB_1200_01,Quality_Check,56.69,2.31,433.68,48.69,84.34,12.71,0.61,0,0,96,0.0,0.0,0.0,0.0,0.51,153.4
2024-03-03,IRB_1200_02,Assembly_Line_B,73.19,1.8,407.11,51.21,101.63,20.72,0.73,3,6,87,0.0,0.0,0.0,0.0,0.53,136.5
2024-03-03,IRB_1200_03,Welding_Station,73.64,1.72,394.33,40.23,87.5,11.15,0.65,0,0,96,0.0,0.0,0.0,0.0,0.55,130.2
2024-03-03,IRB_1200_04,Assembly_Line_A,57.53,1.71,267.31,42.76,106.17,12.69,0.79,0,0,96,0.0,0.0,0.0,0.0,0.56,152.7
2024-03-03,IRB_1200_05,Painting_Station,47.33,1.52,339.87,56.77,82.36,29.52,0.61,1,8,87,0.0,0.0,0.0,0.0,0.53,141.3
2024-03-03,IRB_6700_01,Quality_Check,65.52,2.23,469.14,49.36,104.48,15.03,0.74,1,3,92,0.0,0.0,0.0,0.0,0.51,156.7
2024-03-03,IRB_6700_02,Packaging_Line,74.74,2.56,347.41,42.23,112.39,26.58,0.78,2,11,83,0.0,0.0,0.0,0.0,0.56,156.6
2024-03-03,IRB_6700_03,Assembly_Line_A,68.37,2.14,440.45,39.79,110.32,9.82,0.81,1,2,93,0.0,0.0,0.0,0.0,0.57,141.6
2024-03-04,IRB_1200_01,Quality_Check,57.74,2.48,439.41,49.56,84.4,15.82,0.6,1,3,92,0.0,0.0,0.0,0.0,0.57,141.3
2024-03-04,IRB_1200_02,Assembly_Line_B,72.05,1.62,399.44,50.72,101.61,12.51,0.75,0,2,94,236.0,291296.0,203911.0,289.92,3.42,966.4
2024-03-04,IRB_1200_03,Welding_Station,74.43,1.85,400.17,40.96,86.85,13.46,0.64,0,2,94,0.0,0.0,0.0,0.0,0.58,152.3
2024-03-04,IRB_1200_04,Assembly_Line_A,58.17,1.92,273.65,43.48,105.62,19.24,0.77,1,7,88,0.0,0.0,0.0,0.0,0.56,127.3
2024-03-04,IRB_1200_05,Painting_Station,48.18,1.76,345.97,56.75,82.15,29.2,0.6,1,6,89,0.0,0.0,0.0,0.0,0.54,132.7
2024-03-04,IRB_6700_01,Quality_Check,65.63,2.25,465.42,49.33,104.47,13.08,0.74,0,2,94,239.3,297549.0,208280.0,281.91,3.62,939.7
2024-03-04,IRB_6700_02,Packaging_Line,73.28,2.44,342.25,41.89,112.25,18.4,0.79,0,6,90,0.0,0.0,0.0,0.0,0.56,146.3
2024-03-04,IRB_6700_03,Assembly_Line_A,68.36,2.15,445.35,40.16,110.24,7.44,0.81,0,0,96,0.0,0.0,0.0,0.0,0.56,131.3
2024-03-05,IRB_1200_01,Quality_Check,58.31,2.58,443.85,49.92,83.48,18.62,0.59,0,4,92,0.0,0.0,0.0,0.0,0.55,135.9
2024-03-05,IRB_1200_02,Assembly_Line_B,73.94,1.8,407.68,51.21,100.36,18.95,0.72,1,4,91,230.0,282207.0,197546.0,289.56,3.57,965.2
2024-03-05,IRB_1200_03,Welding_Station,74.43,1.94,402.59,41.21,86.84,13.86,0.64,1,1,94,0.0,0.0,0.0,0.0,0.53,148.1
2024-03-05,IRB_1200_04,Assembly_Line_A,58.89,1.98,275.0,43.92,106.2,17.12,0.77,0,5,91,0.0,0.0,0.0,0.0,0.57,137.9
2024-03-05,IRB_1200_05,Painting_Station,47.36,1.67,346.49,57.13,81.49,30.35,0.6,1,14,81,247.0,296426.0,207496.0,289.35,3.51,964.5
2024-03-05,IRB_6700_01,Quality_Check,66.42,2.5,471.29,49.87,103.52,16.7,0.72,1,5,90,230.3,288110.0,201670.0,303.54,3.56,1011.8
2024-03-05,IRB_6700_02,Packaging_Line,74.45,2.57,347.11,42.37,111.52,21.91,0.77,1,5,90,0.0,0.0,0.0,0.0,0.53,146.0
2024-03-05,IRB_6700_03,Assembly_Line_A,69.27,2.27,446.74,40.58,109.89,10.75,0.79,1,1,94,0.0,0.0,0.0,0.0,0.56,154.6
2024-03-06,IRB_1200_01,Quality_Check,59.18,2.82,451.24,50.8,83.25,24.53,0.57,2,6,88,0.0,0.0,0.0,0.0,0.6,146.4
2024-03-06,IRB_1200_02,Assembly_Line_B,73.67,1.84,409.4,51.45,100.52,16.46,0.72,2,6,88,235.7,282475.0,197733.0,293.55,3.39,978.5
2024-03-06,IRB_1200_03,Welding_Station,77.6,2.24,418.15,42.62,86.17,27.16,0.6,3,17,76,0.0,0.0,0.0,0.0,0.56,133.2
2024-03-06,IRB_1200_04,Assembly_Line_A,60.17,2.16,278.77,44.43,105.34,22.0,0.75,1,9,86,0.0,0.0,0.0,0.0,0.55,141.5
2024-03-06,IRB_1200_05,Painting_Station,47.35,1.67,343.63,57.14,81.32,25.85,0.6,0,0,96,244.8,296279.0,207395.0,293.76,3.5,979.2
2024-03-06,IRB_6700_01,Quality_Check,68.59,2.66,484.42,50.96,103.73,27.99,0.7,5,15,76,252.8,263833.0,184683.0,299.22,3.51,997.4
2024-03-06,IRB_6700_02,Packaging_Line,75.02,2.61,352.83,43.2,111.02,25.54,0.77,5,8,83,248.4,298213.0,208748.0,289.29,3.41,964.3
2024-03-06,IRB_6700_03,Assembly_Line_A,68.95,2.35,449.88,40.84,109.29,10.28,0.79,0,0,96,0.0,0.0,0.0,0.0,0.53,138.9
2024-03-07,IRB_1200_01,Quality_Check,59.18,2.74,453.55,50.84,83.4,22.11,0.58,0,6,90,0.0,0.0,0.0,0.0,0.56,144.1
2024-03-07,IRB_1200_02,Assembly_Line_B,73.57,1.83,409.74,51.75,100.05,15.34,0.72,0,2,94,254.4,318872.0,223210.0,293.01,3.47,976.7
2024-03-07,IRB_1200_03,Welding_Station,76.46,2.25,413.65,42.56,85.92,23.13,0.61,0,8,88,0.0,0.0,0.0,0.0,0.5,139.6
2024-03-07,IRB_1200_04,Assembly_Line_A,58.68,2.08,284.18,44.6,104.2,17.19,0.75,0,6,90,0.0,0.0,0.0,0.0,0.54,133.1
2024-03-07,IRB_1200_05,Painting_Station,48.38,1.72,347.29,57.91,80.9,28.63,0.58,0,3,93,232.5,266515.0,186557.0,284.76,3.49,949.2
2024-03-07,IRB_6700_01,Quality_Check,66.94,2.4,474.91,50.49,103.77,14.28,0.72,0,2,94,251.2,294055.0,205837.0,295.32,3.45,984.4
2024-03-07,IRB_6700_02,Packaging_Line,76.15,2.78,356.46,43.67,110.61,28.76,0.75,2,14,80,225.5,281244.0,196872.0,291.09,3.52,970.3
2024-03-07,IRB_6700_03,Assembly_Line_A,69.84,2.45,458.64,41.29,109.55,13.4,0.78,0,2,94,0.0,0.0,0.0,0.0,0.57,136.5
2024-03-08,IRB_1200_01,Quality_Check,60.5,2.8,453.27,51.65,82.72,22.76,0.56,0,6,90,237.3,280471.0,196329.0,303.63,3.44,1012.1
2024-03-08,IRB_1200_02,Assembly_Line_B,72.95,1.77,409.27,51.62,99.67,13.02,0.72,0,0,96,238.2,278170.0,194715.0,309.6,3.45,1032.0
2024-03-08,IRB_1200_03,Welding_Station,75.86,2.18,413.54,42.58,85.65,17.14,0.61,0,2,94,241.0,286899.0,200822.0,284.55,3.54,948.5
2024-03-08,IRB_1200_04,Assembly_Line_A,59.85,2.3,285.25,45.25,104.44,21.25,0.74,2,8,86,225.2,293708.0,205592.0,285.63,3.49,952.1
2024-03-08,IRB_1200_05,Painting_Station,48.56,1.94,357.36,58.6,80.81,31.33,0.58,1,5,90,236.5,288810.0,202164.0,284.79,3.65,949.3
2024-03-08,IRB_6700_01,Quality_Check,68.54,2.87,485.4,51.1,102.83,25.15,0.69,5,6,85,254.1,301772.0,211238.0,281.97,3.55,939.9
2024-03-08,IRB_6700_02,Packaging_Line,76.15,2.88,357.66,44.23,110.69,26.79,0.74,2,16,78,251.6,283779.0,198647.0,293.97,3.56,979.9
2024-03-08,IRB_6700_03,Assembly_Line_A,71.08,2.69,467.52,42.62,108.99,22.53,0.76,3,7,86,0.0,0.0,0.0,0.0,0.57,142.2
2024-03-09,IRB_1200_01,Quality_Check,58.93,2.76,450.5,50.69,82.0,18.32,0.57,0,0,96,245.8,304818.0,213370.0,283.47,3.59,944.9
2024-03-09,IRB_1200_02,Assembly_Line_B,74.6,2.13,416.1,52.46,99.47,21.03,0.69,1,5,90,240.9,292574.0,204800.0,285.18,3.45,950.6
2024-03-09,IRB_1200_03,Welding_Station,77.59,2.54,425.17,43.37,84.9,30.08,0.59,6,9,81,242.1,266189.0,186332.0,283.08,3.39,943.6
2024-03-09,IRB_1200_04,Assembly_Line_A,59.85,2.21,286.33,45.33,104.01,19.29,0.74,0,4,92,239.9,300166.0,210114.0,285.3,3.49,951.0
2024-03-09,IRB_1200_05,Painting_Station,49.84,2.11,363.3,58.78,80.69,38.6,0.56,4,23,69,247.4,267499.0,187251.0,276.51,3.53,921.7
2024-03-09,IRB_6700_01,Quality_Check,67.8,2.69,483.25,51.56,102.58,21.36,0.7,3,3,90,223.6,293686.0,205580.0,287.58,3.48,958.6
2024-03-09,IRB_6700_02,Packaging_Line,75.42,2.72,355.88,43.68,109.94,22.08,0.75,1,4,91,257.2,297028.0,207918.0,290.73,3.37,969.1
2024-03-09,IRB_6700_03,Assembly_Line_A,71.8,2.82,468.62,42.96,108.22,21.45,0.74,3,12,81,0.0,0.0,0.0,0.0,0.58,147.6
2024-03-10,IRB_1200_01,Quality_Check,62.39,3.15,466.08,52.79,81.1,31.29,0.53,4,11,81,223.7,297876.0,208510.0,276.63,3.58,922.1
2024-03-10,IRB_1200_02,Assembly_Line_B,76.39,2.19,423.9,53.78,99.54,25.86,0.68,2,16,78,242.1,301912.0,211340.0,299.28,3.57,997.6
2024-03-10,IRB_1200_03,Welding_Station,76.49,2.42,419.96,43.44,85.04,19.98,0.59,0,3,93,243.5,282670.0,197863.0,281.67,3.51,938.9
2024-03-10,IRB_1200_04,Assembly_Line_A,62.25,2.68,300.06,46.64,103.86,29.12,0.7,4,13,79,233.4,290594.0,203418.0,283.08,3.56,943.6
2024-03-10,IRB_1200_05,Painting_Station,50.92,2.17,361.78,59.62,80.1,35.57,0.55,2,17,77,240.9,304034.0,212822.0,291.75,3.66,972.5
2024-03-10,IRB_6700_01,Quality_Check,68.09,2.7,484.62,51.57,102.74,19.24,0.69,1,3,92,246.8,292930.0,205051.0,303.96,3.31,1013.2
2024-03-10,IRB_6700_02,Packaging_Line,75.59,2.78,355.27,44.2,109.38,23.33,0.74,1,3,92,244.8,289033.0,202324.0,286.56,3.43,955.2
2024-03-10,IRB_6700_03,Assembly_Line_A,71.34,2.68,466.0,42.91,108.15,15.88,0.75,1,2,93,0.0,0.0,0.0,0.0,0.56,140.5
2024-03-11,IRB_1200_01,Quality_Check,59.88,2.97,460.07,52.41,81.06,24.73,0.55,1,2,93,229.3,275697.0,192986.0,280.74,3.44,935.8
2024-03-11,IRB_1200_02,Assembly_Line_B,77.42,2.41,430.2,53.82,98.95,28.01,0.66,3,15,78,231.2,293759.0,205631.0,273.15,3.58,910.5
2024-03-11,IRB_1200_03,Welding_Station,77.91,2.54,433.5,44.51,84.22,26.47,0.58,2,11,83,242.2,299144.0,209401.0,299.64,3.54,998.8
2024-03-11,IRB_1200_04,Assembly_Line_A,61.05,2.37,293.05,46.38,102.88,20.97,0.71,1,4,91,238.3,302410.0,211684.0,286.86,3.6,956.2
2024-03-11,IRB_1200_05,Painting_Station,52.14,2.44,372.45,60.2,79.71,41.3,0.54,6,23,67,247.2,288059.0,201641.0,293.1,3.49,977.0
2024-03-11,IRB_6700_01,Quality_Check,70.41,3.17,501.18,52.99,102.75,31.85,0.66,6,15,75,233.3,298695.0,209084.0,288.33,3.68,961.1
2024-03-11,IRB_6700_02,Packaging_Line,76.14,2.93,368.55,44.34,109.83,27.66,0.73,2,11,83,250.3,307417.0,215195.0,298.08,3.32,993.6
2024-03-11,IRB_6700_03,Assembly_Line_A,73.17,3.03,478.65,43.56,107.83,25.42,0.72,3,9,84,244.3,263173.0,184220.0,290.88,3.46,969.6
2024-03-12,IRB_1200_01,Quality_Check,61.49,3.22,467.86,52.65,81.29,28.16,0.53,2,4,90,247.5,292343.0,204640.0,286.92,3.6,956.4
2024-03-12,IRB_1200_02,Assembly_Line_B,77.28,2.4,435.03,53.5,97.86,28.95,0.66,3,16,77,249.4,280546.0,196383.0,287.34,3.45,957.8
2024-03-12,IRB_1200_03,Welding_Station,78.37,2.62,435.87,44.72,83.96,29.92,0.57,2,12,82,230.4,287884.0,201521.0,292.14,3.52,973.8
2024-03-12,IRB_1200_04,Assembly_Line_A,61.21,2.51,295.85,46.73,102.78,22.0,0.71,0,4,92,236.8,280760.0,196526.0,287.49,3.68,958.3
2024-03-12,IRB_1200_05,Painting_Station,49.91,2.19,362.03,60.25,79.16,34.18,0.55,1,11,84,247.4,264333.0,185036.0,288.3,3.62,961.0
2024-03-12,IRB_6700_01,Quality_Check,70.49,3.23,500.55,53.03,101.49,31.11,0.65,7,10,79,243.8,266645.0,186653.0,298.05,3.55,993.5
2024-03-12,IRB_6700_02,Packaging_Line,77.45,3.13,369.58,44.94,109.4,30.31,0.72,2,10,84,231.5,279090.0,195360.0,281.01,3.35,936.7
2024-03-12,IRB_6700_03,Assembly_Line_A,73.91,3.21,481.67,44.63,106.74,30.37,0.7,4,10,82,234.9,299643.0,209749.0,290.97,3.61,969.9
2024-03-13,IRB_1200_01,Quality_Check,61.89,3.36,476.92,53.06,80.95,30.39,0.52,3,9,84,228.7,279756.0,195829.0,285.78,3.44,952.6
2024-03-13,IRB_1200_02,Assembly_Line_B,75.83,2.28,425.4,54.07,98.65,21.38,0.67,1,4,91,249.5,282444.0,197709.0,287.79,3.57,959.3
2024-03-13,IRB_1200_03,Welding_Station,78.56,2.77,434.46,44.76,83.48,28.27,0.56,3,9,84,231.8,284719.0,199305.0,293.16,3.38,977.2
2024-03-13,IRB_1200_04,Assembly_Line_A,62.13,2.61,303.85,47.0,102.96,25.08,0.7,0,7,89,237.9,280453.0,196314.0,291.93,3.62,973.1
2024-03-13,IRB_1200_05,Painting_Station,54.12,2.63,374.47,60.68,78.46,43.77,0.51,8,31,57,217.0,285124.0,199585.0,284.85,3.56,949.5
2024-03-13,IRB_6700_01,Quality_Check,70.33,3.01,496.64,52.34,101.75,25.52,0.66,5,8,83,233.2,295756.0,207027.0,284.25,3.52,947.5
2024-03-13,IRB_6700_02,Packaging_Line,77.34,3.11,371.87,45.33,108.61,27.32,0.71,3,6,87,241.8,295400.0,206778.0,272.79,3.53,909.3
2024-03-13,IRB_6700_03,Assembly_Line_A,73.88,3.14,483.11,44.49,106.87,27.55,0.7,4,9,83,250.2,284652.0,199256.0,280.59,3.62,935.3
2024-03-14,IRB_1200_01,Quality_Check,62.72,3.41,478.16,53.63,79.93,31.73,0.51,3,9,84,247.6,299866.0,209914.0,292.08,3.42,973.6
2024-03-14,IRB_1200_02,Assembly_Line_B,77.02,2.54,435.23,54.94,97.12,27.39,0.65,2,13,81,233.7,298192.0,208736.0,281.58,3.41,938.6
2024-03-14,IRB_1200_03,Welding_Station,78.76,2.82,431.5,45.33,83.19,27.71,0.56,3,7,86,243.5,303900.0,212731.0,291.63,3.6,972.1
2024-03-14,IRB_1200_04,Assembly_Line_A,61.92,2.61,300.67,47.16,101.92,22.79,0.69,0,4,92,237.7,287256.0,201077.0,288.45,3.42,961.5
2024-03-14,IRB_1200_05,Painting_Station,54.18,2.77,388.41,61.6,78.55,46.99,0.51,10,33,53,235.1,283966.0,198774.0,272.07,3.41,906.9
2024-03-14,IRB_6700_01,Quality_Check,69.53,2.99,495.46,52.75,101.25,25.24,0.66,3,4,89,232.4,287121.0,200984.0,281.7,3.46,939.0
2024-03-14,IRB_6700_02,Packaging_Line,77.33,3.16,369.17,45.55,108.23,24.99,0.7,0,6,90,238.6,288065.0,201642.0,273.72,3.61,912.4
2024-03-14,IRB_6700_03,Assembly_Line_A,72.52,3.07,481.92,44.39,106.31,20.13,0.71,1,1,94,235.7,298491.0,208947.0,291.09,3.53,970.3
2024-03-15,IRB_1200_01,Quality_Check,62.04,3.34,474.69,53.6,80.1,29.49,0.52,1,5,90,246.1,297217.0,208055.0,287.43,3.54,958.1
2024-03-15,IRB_1200_02,Assembly_Line_B,78.16,2.64,436.13,55.26,97.64,31.79,0.64,6,13,77,233.9,297572.0,208300.0,291.57,3.59,971.9
2024-03-15,IRB_1200_03,Welding_Station,81.04,3.02,449.59,46.09,83.84,36.97,0.54,7,25,64,246.8,294121.0,205885.0,281.67,3.53,938.9
2024-03-15,IRB_1200_04,Assembly_Line_A,63.62,2.88,309.84,48.23,101.79,26.99,0.67,1,9,86,247.4,295750.0,207026.0,282.93,3.5,943.1
2024-03-15,IRB_1200_05,Painting_Station,52.85,2.58,381.48,60.6,78.15,39.01,0.52,2,23,71,236.8,316737.0,221716.0,308.31,3.62,1027.7
2024-03-15,IRB_6700_01,Quality_Check,70.99,3.18,512.72,53.67,100.77,31.01,0.64,4,13,79,233.4,293496.0,205441.0,295.02,3.39,983.4
2024-03-15,IRB_6700_02,Packaging_Line,77.94,3.18,371.93,45.73,107.67,26.67,0.7,0,6,90,257.2,285961.0,200174.0,282.3,3.6,941.0
2024-03-15,IRB_6700_03,Assembly_Line_A,75.28,3.42,490.37,44.89,105.19,30.58,0.67,5,10,81,221.2,279152.0,195406.0,290.01,3.45,966.7
2024-03-16,IRB_1200_01,Quality_Check,64.74,3.64,489.24,55.01,79.44,39.18,0.49,6,20,70,242.4,301026.0,210724.0,287.04,3.46,956.8
2024-03-16,IRB_1200_02,Assembly_Line_B,78.8,2.79,440.87,56.02,96.86,33.49,0.63,5,13,78,236.8,290608.0,203428.0,271.92,3.63,906.4
2024-03-16,IRB_1200_03,Welding_Station,79.99,2.82,439.38,45.79,83.08,28.12,0.55,2,10,84,242.3,296559.0,207591.0,291.03,3.51,970.1
2024-03-16,IRB_1200_04,Assembly_Line_A,63.68,3.09,315.4,48.59,102.1,27.83,0.66,0,9,87,243.2,271044.0,189735.0,293.16,3.58,977.2
2024-03-16,IRB_1200_05,Painting_Station,52.61,2.57,381.8,61.82,78.41,41.78,0.52,5,31,60,240.6,281716.0,197203.0,288.15,3.51,960.5
2024-03-16,IRB_6700_01,Quality_Check,72.16,3.33,508.83,54.36,99.82,33.65,0.63,5,13,78,224.6,284820.0,199373.0,287.52,3.49,958.4
2024-03-16,IRB_6700_02,Packaging_Line,77.64,3.14,374.18,46.01,107.34,25.43,0.7,0,2,94,251.1,304013.0,212807.0,299.25,3.68,997.5
2024-03-16,IRB_6700_03,Assembly_Line_A,74.0,3.44,493.84,45.08,105.3,27.75,0.68,2,7,87,226.4,309030.0,216322.0,292.32,3.32,974.4
2024-03-17,IRB_1200_01,Quality_Check,67.01,4.29,505.15,56.41,79.02,48.07,0.47,15,29,52,244.1,307978.0,215579.0,296.58,3.53,988.6
2024-03-17,IRB_1200_02,Assembly_Line_B,79.96,2.96,454.39,56.17,97.29,37.35,0.61,7,16,73,229.6,295307.0,206719.0,302.1,3.44,1007.0
2024-03-17,IRB_1200_03,Welding_Station,81.25,3.09,451.29,46.86,81.78,34.08,0.52,4,15,77,226.5,296149.0,207305.0,291.96,3.45,973.2
2024-03-17,IRB_1200_04,Assembly_Line_A,63.87,2.97,314.95,48.43,101.17,25.77,0.66,1,7,88,234.1,296231.0,207360.0,303.54,3.56,1011.8
2024-03-17,IRB_1200_05,Painting_Station,53.95,2.82,391.01,62.47,77.97,46.74,0.5,10,31,55,241.4,289684.0,202774.0,276.78,3.6,922.6
2024-03-17,IRB_6700_01,Quality_Check,72.03,3.43,514.11,54.57,99.84,33.33,0.62,6,17,73,239.8,297573.0,208301.0,291.69,3.56,972.3
2024-03-17,IRB_6700_02,Packaging_Line,78.63,3.34,385.23,46.76,107.56,29.35,0.68,2,8,86,236.5,291264.0,203883.0,316.44,3.58,1054.8
2024-03-17,IRB_6700_03,Assembly_Line_A,76.35,3.54,500.41,46.26,104.36,32.23,0.65,3,10,83,229.5,266062.0,186243.0,284.31,3.48,947.7
2024-03-18,IRB_1200_01,Quality_Check,63.58,3.58,489.34,55.3,78.84,36.99,0.5,4,16,76,236.3,287154.0,201006.0,292.86,3.56,976.2
2024-03-18,IRB_1200_02,Assembly_Line_B,77.86,2.74,446.06,55.7,97.22,32.42,0.63,3,14,79,234.2,279654.0,195752.0,283.92,3.51,946.4
2024-03-18,IRB_1200_03,Welding_Station,80.61,2.99,443.5,46.69,81.84,31.84,0.53,2,7,87,241.3,288248.0,201775.0,304.38,3.61,1014.6
2024-03-18,IRB_1200_04,Assembly_Line_A,64.34,3.12,320.21,49.18,100.74,29.15,0.65,2,8,86,228.2,291992.0,204395.0,298.71,3.62,995.7
2024-03-18,IRB_1200_05,Painting_Station,53.19,2.79,391.35,62.13,78.52,42.2,0.51,5,23,68,226.5,285634.0,199939.0,290.31,3.56,967.7
2024-03-18,IRB_6700_01,Quality_Check,71.48,3.29,509.58,54.74,99.91,33.54,0.63,3,13,80,240.6,288778.0,202149.0,299.76,3.56,999.2
2024-03-18,IRB_6700_02,Packaging_Line,79.07,3.55,385.99,46.94,107.7,35.8,0.67,4,21,71,238.5,294629.0,206238.0,273.45,3.55,911.5
2024-03-18,IRB_6700_03,Assembly_Line_A,76.42,3.81,507.05,47.42,104.48,37.6,0.64,4,27,65,246.5,298920.0,209246.0,284.04,3.51,946.8
2024-03-19,IRB_1200_01,Quality_Check,64.96,3.84,497.53,56.05,77.87,41.41,0.48,4,23,69,259.8,290531.0,203376.0,280.86,3.48,936.2
2024-03-19,IRB_1200_02,Assembly_Line_B,79.57,2.9,448.73,56.72,97.15,35.29,0.62,4,16,76,241.8,286910.0,200840.0,297.42,3.46,991.4
2024-03-19,IRB_1200_03,Welding_Station,80.34,3.09,452.04,47.02,81.67,32.13,0.53,3,12,81,221.5,280758.0,196532.0,285.9,3.54,953.0
2024-03-19,IRB_1200_04,Assembly_Line_A,64.63,3.14,320.86,49.43,99.86,27.68,0.64,2,8,86,241.9,279632.0,195735.0,277.2,3.41,924.0
2024-03-19,IRB_1200_05,Painting_Station,53.71,2.79,384.87,62.82,77.63,41.41,0.5,3,26,67,239.0,276873.0,193806.0,285.9,3.44,953.0
2024-03-19,IRB_6700_01,Quality_Check,73.03,3.48,518.13,55.42,100.2,36.5,0.62,7,16,73,242.5,299888.0,209922.0,283.65,3.56,945.5
2024-03-19,IRB_6700_02,Packaging_Line,80.9,3.85,402.25,48.05,106.86,41.42,0.65,7,24,65,233.4,299195.0,209438.0,285.12,3.68,950.4
2024-03-19,IRB_6700_03,Assembly_Line_A,77.5,3.87,512.36,47.91,103.75,38.46,0.63,6,18,72,219.4,268079.0,187654.0,271.74,3.48,905.8
2024-03-20,IRB_1200_01,Quality_Check,65.32,3.76,497.88,56.49,77.93,40.1,0.48,4,20,72,236.5,304005.0,212807.0,285.39,3.48,951.3
2024-03-20,IRB_1200_02,Assembly_Line_B,78.66,2.93,452.45,55.93,96.07,33.58,0.61,3,18,75,788.8,1253743.0,877618.0,937.95,10.01,3126.5
2024-03-20,IRB_1200_03,Welding_Station,82.0,3.14,455.76,47.47,81.61,32.95,0.52,3,11,82,237.6,294330.0,206032.0,299.07,3.55,996.9
2024-03-20,IRB_1200_04,Assembly_Line_A,65.96,3.3,332.58,50.42,99.4,34.26,0.62,2,17,77,247.7,273597.0,191520.0,289.14,3.51,963.8
2024-03-20,IRB_1200_05,Painting_Station,54.2,2.99,397.71,62.88,77.48,46.02,0.49,8,29,59,743.5,1139579.0,797706.0,877.11,10.37,2923.7
2024-03-20,IRB_6700_01,Quality_Check,71.82,3.43,515.51,55.5,100.1,34.55,0.62,3,13,80,771.1,1193654.0,835562.0,925.86,9.94,3086.2
2024-03-20,IRB_6700_02,Packaging_Line,81.43,3.88,397.93,48.44,106.85,38.86,0.64,7,23,66,231.6,285328.0,199728.0,289.71,3.51,965.7
2024-03-20,IRB_6700_03,Assembly_Line_A,76.16,3.46,498.34,47.24,104.03,30.47,0.65,2,8,86,242.6,280453.0,196314.0,295.56,3.36,985.2
2024-03-21,IRB_1200_01,Quality_Check,66.33,4.18,504.73,56.88,77.6,45.88,0.46,10,31,55,248.9,296842.0,207787.0,295.35,3.36,984.5
2024-03-21,IRB_1200_02,Assembly_Line_B,79.48,3.12,455.07,57.0,96.65,37.69,0.61,7,19,70,745.5,1120831.0,784578.0,829.41,9.73,2764.7
2024-03-21,IRB_1200_03,Welding_Station,84.12,3.63,470.4,48.34,81.08,45.53,0.49,10,31,55,238.2,296725.0,207706.0,299.34,3.48,997.8
2024-03-21,IRB_1200_04,Assembly_Line_A,67.32,3.47,335.51,50.32,99.42,33.72,0.61,4,12,80,249.8,302125.0,211487.0,305.64,3.52,1018.8
2024-03-21,IRB_1200_05,Painting_Station,54.93,3.04,398.34,63.27,75.95,48.77,0.48,9,36,51,776.9,1187326.0,831125.0,886.08,10.07,2953.6
2024-03-21,IRB_6700_01,Quality_Check,72.34,3.66,526.18,55.24,98.93,36.56,0.6,5,16,75,761.1,1214485.0,850138.0,839.16,10.01,2797.2
2024-03-21,IRB_6700_02,Packaging_Line,81.1,3.73,400.04,48.79,106.15,38.16,0.64,5,21,70,751.9,1224834.0,857383.0,835.29,10.1,2784.3
2024-03-21,IRB_6700_03,Assembly_Line_A,76.59,3.77,510.86,47.39,102.96,32.83,0.63,3,14,79,240.0,285421.0,199792.0,281.07,3.42,936.9
2024-03-22,IRB_1200_01,Quality_Check,65.87,4.23,507.33,57.4,77.24,45.41,0.46,8,27,61,784.2,1221985.0,855391.0,838.74,10.21,2795.8
2024-03-22,IRB_1200_02,Assembly_Line_B,78.11,2.73,444.45,56.32,95.08,28.52,0.62,1,3,92,794.0,1309520.0,916662.0,836.67,9.89,2788.9
2024-03-22,IRB_1200_03,Welding_Station,84.83,3.78,472.85,49.69,79.45,45.14,0.47,9,31,56,777.2,1255293.0,878701.0,812.67,9.51,2708.9
2024-03-22,IRB_1200_04,Assembly_Line_A,66.85,3.55,335.28,51.5,98.9,36.56,0.6,5,18,73,772.1,1193056.0,835136.0,918.15,10.16,3060.5
2024-03-22,IRB_1200_05,Painting_Station,54.26,2.89,394.06,63.07,76.45,42.75,0.49,3,26,67,795.6,1258517.0,880966.0,851.07,9.8,2836.9
2024-03-22,IRB_6700_01,Quality_Check,73.24,3.67,519.81,56.04,98.83,38.91,0.6,3,24,69,753.4,1125482.0,787834.0,812.25,10.1,2707.5
2024-03-22,IRB_6700_02,Packaging_Line,80.4,3.74,402.15,48.84,105.4,33.45,0.64,2,9,85,760.8,1157231.0,810063.0,908.52,9.75,3028.4
2024-03-22,IRB_6700_03,Assembly_Line_A,78.29,3.86,520.42,49.0,102.87,39.19,0.62,6,16,74,248.9,313186.0,219226.0,279.84,3.5,932.8
2024-03-23,IRB_1200_01,Quality_Check,66.67,4.04,511.58,57.46,77.07,45.44,0.46,7,29,60,787.1,1255617.0,878929.0,834.39,10.35,2781.3
2024-03-23,IRB_1200_02,Assembly_Line_B,80.26,3.17,460.52,58.11,94.92,39.49,0.59,6,22,68,760.9,1218226.0,852758.0,866.88,10.1,2889.6
2024-03-23,IRB_1200_03,Welding_Station,83.63,3.85,477.57,49.38,79.97,46.99,0.48,11,34,51,745.7,1219600.0,853723.0,911.22,10.54,3037.4
2024-03-23,IRB_1200_04,Assembly_Line_A,67.92,3.62,340.59,51.38,99.15,37.7,0.6,6,23,67,789.3,1159003.0,811305.0,871.65,9.79,2905.5
2024-03-23,IRB_1200_05,Painting_Station,57.23,3.43,411.67,65.11,76.13,56.85,0.46,15,54,27,748.7,1171544.0,820082.0,870.99,9.45,2903.3
2024-03-23,IRB_6700_01,Quality_Check,74.94,3.58,524.93,56.26,97.67,39.11,0.59,6,17,73,718.4,1191514.0,834060.0,843.15,10.09,2810.5
2024-03-23,IRB_6700_02,Packaging_Line,84.12,4.39,412.95,51.06,106.3,47.94,0.6,11,41,44,732.1,1231876.0,862313.0,842.49,10.05,2808.3
2024-03-23,IRB_6700_03,Assembly_Line_A,77.05,3.98,516.69,48.23,101.46,35.41,0.61,3,14,79,769.6,1126456.0,788522.0,897.81,10.78,2992.7
2024-03-24,IRB_1200_01,Quality_Check,67.75,4.28,511.04,58.01,76.53,45.99,0.44,8,23,65,775.8,1189475.0,832635.0,913.38,9.76,3044.6
2024-03-24,IRB_1200_02,Assembly_Line_B,82.32,3.33,470.54,58.61,95.09,47.09,0.57,11,35,50,762.9,1218682.0,853076.0,891.84,10.01,2972.8
2024-03-24,IRB_1200_03,Welding_Station,85.32,3.72,472.94,49.62,79.35,45.28,0.47,6,33,57,792.5,1249040.0,874327.0,840.72,9.58,2802.4
2024-03-24,IRB_1200_04,Assembly_Line_A,68.6,3.86,350.14,52.88,98.38,40.12,0.58,5,28,63,747.7,1202175.0,841527.0,820.86,9.67,2736.2
2024-03-24,IRB_1200_05,Painting_Station,56.69,3.47,415.56,65.35,75.82,53.51,0.46,13,48,35,795.9,1235726.0,865004.0,836.52,10.48,2788.4
2024-03-24,IRB_6700_01,Quality_Check,74.28,4.06,535.54,57.8,98.44,46.45,0.58,8,32,56,793.7,1257420.0,880193.0,901.02,9.76,3003.4
2024-03-24,IRB_6700_02,Packaging_Line,82.46,4.21,407.23,50.26,104.85,44.02,0.61,10,24,62,709.4,1173746.0,821621.0,784.47,10.23,2614.9
2024-03-24,IRB_6700_03,Assembly_Line_A,79.7,4.29,523.62,49.59,101.87,43.25,0.59,7,25,64,777.7,1260830.0,882579.0,874.44,10.17,2914.8
2024-03-25,IRB_1200_01,Quality_Check,67.2,4.21,518.0,58.52,75.98,48.69,0.44,5,39,52,780.9,1168419.0,817894.0,860.46,10.3,2868.2
2024-03-25,IRB_1200_02,Assembly_Line_B,81.94,3.43,467.34,58.67,95.8,43.67,0.58,7,26,63,798.1,1200219.0,840152.0,889.11,10.35,2963.7
2024-03-25,IRB_1200_03,Welding_Station,82.1,3.45,468.87,48.98,79.4,35.85,0.49,1,7,88,753.8,1187889.0,831522.0,853.17,10.43,2843.9
2024-03-25,IRB_1200_04,Assembly_Line_A,68.52,3.71,346.59,51.98,98.45,44.46,0.59,5,33,58,809.1,1147089.0,802968.0,856.86,10.33,2856.2
2024-03-25,IRB_1200_05,Painting_Station,56.13,3.25,410.68,64.77,74.04,50.28,0.45,6,48,42,776.2,1180729.0,826507.0,890.13,9.91,2967.1
2024-03-25,IRB_6700_01,Quality_Check,75.09,3.97,540.35,57.33,97.84,46.16,0.57,10,29,57,722.3,1124549.0,787176.0,906.24,10.13,3020.8
2024-03-25,IRB_6700_02,Packaging_Line,81.44,4.05,409.01,49.72,104.9,39.47,0.62,5,25,66,761.0,1145814.0,802068.0,888.69,9.28,2962.3
2024-03-25,IRB_6700_03,Assembly_Line_A,79.72,4.33,529.69,49.61,101.47,44.32,0.59,8,29,59,745.4,1196714.0,837697.0,851.85,9.93,2839.5
2024-03-26,IRB_1200_01,Quality_Check,67.65,4.38,520.66,58.85,75.82,51.75,0.43,9,50,37,798.3,1192217.0,834551.0,855.81,10.06,2852.7
2024-03-26,IRB_1200_02,Assembly_Line_B,81.88,3.43,475.94,59.36,94.03,46.46,0.57,10,34,52,785.0,1170040.0,819022.0,895.17,9.7,2983.9
2024-03-26,IRB_1200_03,Welding_Station,86.66,4.27,486.36,51.49,79.21,52.5,0.45,12,41,43,757.9,1185637.0,829948.0,827.22,9.9,2757.4
2024-03-26,IRB_1200_04,Assembly_Line_A,67.51,3.74,344.13,52.07,97.86,34.59,0.58,2,9,85,751.4,1281888.0,897320.0,844.05,10.1,2813.5
2024-03-26,IRB_1200_05,Painting_Station,56.97,3.57,416.34,65.69,74.81,54.71,0.45,13,58,25,748.9,1229597.0,860715.0,869.22,10.49,2897.4
2024-03-26,IRB_6700_01,Quality_Check,74.9,4.04,536.51,58.57,97.21,46.73,0.57,10,24,62,748.7,1214148.0,849899.0,837.48,10.09,2791.6
2024-03-26,IRB_6700_02,Packaging_Line,83.7,4.25,414.95,50.07,105.12,46.31,0.6,10,31,55,739.5,1278763.0,895129.0,824.04,10.03,2746.8
2024-03-26,IRB_6700_03,Assembly_Line_A,81.52,4.42,534.25,50.8,101.29,46.0,0.57,9,30,57,797.8,1185677.0,829977.0,881.46,10.58,2938.2
2024-03-27,IRB_1200_01,Quality_Check,68.83,4.59,530.04,60.22,74.92,56.21,0.42,12,56,28,769.7,1185253.0,829675.0,823.17,9.99,2743.9
2024-03-27,IRB_1200_02,Assembly_Line_B,82.19,3.52,476.76,58.33,93.44,45.44,0.56,6,34,56,701.5,1136873.0,795805.0,858.84,10.25,2862.8
2024-03-27,IRB_1200_03,Welding_Station,84.3,3.81,475.73,50.72,78.11,45.17,0.46,5,33,58,790.7,1167781.0,817445.0,849.18,9.74,2830.6
2024-03-27,IRB_1200_04,Assembly_Line_A,69.68,4.03,354.53,53.69,96.51,42.49,0.56,6,32,58,743.7,1219079.0,853360.0,873.66,9.44,2912.2
2024-03-27,IRB_1200_05,Painting_Station,58.61,3.69,426.75,66.57,74.06,57.84,0.43,15,63,18,771.0,1296840.0,907785.0,845.19,10.18,2817.3
2024-03-27,IRB_6700_01,Quality_Check,76.72,4.51,546.67,58.14,97.73,52.93,0.55,16,37,43,776.2,1195758.0,837030.0,853.17,9.81,2843.9
2024-03-27,IRB_6700_02,Packaging_Line,84.66,4.29,416.96,52.33,104.27,47.21,0.59,11,36,49,768.5,1173717.0,821599.0,882.39,10.6,2941.3
2024-03-27,IRB_6700_03,Assembly_Line_A,82.2,4.5,546.91,51.47,100.11,49.32,0.56,12,39,45,782.0,1297231.0,908063.0,877.44,10.05,2924.8
2024-03-28,IRB_1200_01,Quality_Check,71.01,4.71,533.6,60.59,75.53,58.8,0.41,16,59,21,778.3,1138653.0,797054.0,823.71,9.64,2745.7
2024-03-28,IRB_1200_02,Assembly_Line_B,82.52,3.68,476.42,60.0,94.02,47.62,0.55,9,36,51,767.3,1191261.0,833883.0,787.77,9.74,2625.9
2024-03-28,IRB_1200_03,Welding_Station,86.36,4.13,489.52,51.49,79.08,49.13,0.45,10,30,56,786.5,1182688.0,827881.0,883.71,10.22,2945.7
2024-03-28,IRB_1200_04,Assembly_Line_A,72.28,4.33,372.11,55.17,96.3,51.68,0.53,14,43,39,788.2,1192106.0,834475.0,830.97,10.1,2769.9
2024-03-28,IRB_1200_05,Painting_Station,57.5,3.62,416.6,66.07,73.96,53.52,0.44,8,52,36,746.5,1179553.0,825685.0,813.24,10.07,2710.8
2024-03-28,IRB_6700_01,Quality_Check,75.92,4.14,545.16,58.02,96.37,50.8,0.55,10,42,44,826.1,1202859.0,842002.0,862.26,10.22,2874.2
2024-03-28,IRB_6700_02,Packaging_Line,83.71,4.5,420.2,50.97,103.56,46.57,0.58,10,32,54,763.6,1219726.0,853805.0,898.02,9.8,2993.4
2024-03-28,IRB_6700_03,Assembly_Line_A,83.18,4.91,551.15,52.46,99.98,53.99,0.54,15,47,34,767.0,1247903.0,873534.0,778.41,10.23,2594.7
2024-03-29,IRB_1200_01,Quality_Check,69.94,4.73,534.36,59.67,74.47,56.69,0.41,14,58,24,748.9,1197358.0,838151.0,848.25,10.12,2827.5
2024-03-29,IRB_1200_02,Assembly_Line_B,83.77,3.69,478.72,60.38,94.66,47.91,0.55,12,34,50,740.2,1293702.0,905594.0,865.83,10.01,2886.1
2024-03-29,IRB_1200_03,Welding_Station,85.67,3.91,480.1,51.48,77.46,43.93,0.45,4,25,67,806.4,1151687.0,806181.0,829.86,10.08,2766.2
2024-03-29,IRB_1200_04,Assembly_Line_A,68.98,3.92,354.08,54.06,95.95,41.82,0.56,5,20,71,811.6,1236160.0,865316.0,822.0,10.0,2740.0
2024-03-29,IRB_1200_05,Painting_Station,57.42,3.88,426.35,65.69,74.37,54.64,0.43,11,53,32,796.0,1222425.0,855697.0,872.52,10.06,2908.4
2024-03-29,IRB_6700_01,Quality_Check,77.33,4.37,545.11,58.95,95.99,51.06,0.53,9,43,44,791.8,1196514.0,837559.0,870.72,10.0,2902.4
2024-03-29,IRB_6700_02,Packaging_Line,84.74,4.69,434.72,51.54,103.07,48.28,0.57,11,35,50,768.7,1197674.0,838372.0,840.39,10.16,2801.3
2024-03-29,IRB_6700_03,Assembly_Line_A,80.88,4.72,544.26,52.1,99.9,49.06,0.56,11,34,51,747.2,1236855.0,865798.0,898.5,10.78,2995.0
2024-03-30,IRB_1200_01,Quality_Check,69.43,4.55,531.81,60.01,74.26,54.45,0.41,10,68,18,824.1,1244414.0,871088.0,847.83,10.06,2826.1
2024-03-30,IRB_1200_02,Assembly_Line_B,84.94,4.02,487.91,60.54,92.87,53.05,0.52,16,43,37,801.1,1280808.0,896565.0,870.96,9.69,2903.2
2024-03-30,IRB_1200_03,Welding_Station,87.2,4.62,509.93,53.0,78.33,57.89,0.43,17,56,23,759.1,1213903.0,849731.0,801.15,9.84,2670.5
2024-03-30,IRB_1200_04,Assembly_Line_A,69.34,4.18,352.15,53.81,95.42,39.89,0.54,3,18,75,756.4,1183246.0,828271.0,864.99,9.86,2883.3
2024-03-30,IRB_1200_05,Painting_Station,56.69,3.38,417.14,66.32,73.55,49.89,0.44,4,57,35,751.7,1193724.0,835605.0,846.12,10.22,2820.4
2024-03-30,IRB_6700_01,Quality_Check,75.63,4.24,543.8,58.33,95.09,49.41,0.55,13,28,55,726.8,1165983.0,816184.0,919.47,10.1,3064.9
2024-03-30,IRB_6700_02,Packaging_Line,85.05,4.6,433.94,53.08,103.85,48.97,0.57,14,32,50,746.8,1204933.0,843452.0,907.32,9.49,3024.4
2024-03-30,IRB_6700_03,Assembly_Line_A,81.93,4.77,543.28,51.77,99.13,51.45,0.55,9,45,42,789.4,1178364.0,824853.0,859.59,9.4,2865.3
